2024-10-02 12:33:49,keyboard
2024-10-02 12:33:51,keyboard
2024-10-02 12:33:53,keyboard
2024-10-02 12:33:55,keyboard
2024-10-02 12:33:58,keyboard
2024-10-02 12:34:00,keyboard
2024-10-02 12:34:01,keyboard
2024-10-02 12:34:03,keyboard
2024-10-02 12:34:05,keyboard
2024-10-02 12:34:06,"person, keyboard"
2024-10-02 12:34:08,keyboard
2024-10-02 12:34:10,keyboard
2024-10-02 12:34:11,keyboard
2024-10-02 12:34:13,keyboard
2024-10-02 12:34:14,keyboard
2024-10-02 12:34:16,keyboard
2024-10-02 12:34:18,keyboard
2024-10-02 12:34:19,keyboard
2024-10-02 12:34:22,keyboard
2024-10-02 12:34:24,keyboard
2024-10-02 12:34:25,keyboard
2024-10-02 12:34:26,keyboard
2024-10-02 12:34:28,keyboard
2024-10-02 12:34:29,keyboard
2024-10-02 12:34:31,keyboard
2024-10-02 12:34:32,keyboard
2024-10-02 12:34:33,keyboard
2024-10-02 12:34:35,keyboard
2024-10-02 12:34:36,keyboard
2024-10-02 12:34:38,keyboard
2024-10-02 12:34:40,keyboard
2024-10-02 12:34:41,keyboard
2024-10-02 12:34:43,keyboard
2024-10-02 12:34:45,keyboard
2024-10-02 12:34:47,keyboard
2024-10-02 12:34:48,keyboard
2024-10-02 12:34:50,keyboard
2024-10-02 12:34:53,keyboard
2024-10-02 12:34:55,keyboard
2024-10-02 12:34:57,keyboard
2024-10-02 12:34:59,keyboard
2024-10-02 12:35:01,keyboard
2024-10-02 12:35:02,keyboard
2024-10-02 12:35:03,keyboard
2024-10-02 12:35:04,keyboard
2024-10-02 12:35:05,keyboard
2024-10-02 12:35:06,keyboard
2024-10-02 12:35:09,keyboard
2024-10-02 12:35:10,keyboard
2024-10-02 12:35:11,keyboard
2024-10-02 12:35:12,keyboard
2024-10-02 12:35:13,keyboard
2024-10-02 12:35:15,keyboard
2024-10-02 12:35:16,keyboard
2024-10-02 12:35:17,keyboard
2024-10-02 12:35:19,keyboard
2024-10-02 12:35:21,keyboard
2024-10-02 12:35:23,keyboard
2024-10-02 12:35:24,keyboard
2024-10-02 12:35:26,keyboard
2024-10-02 12:35:28,keyboard
2024-10-02 12:35:30,keyboard
2024-10-02 12:35:32,keyboard
2024-10-02 12:35:33,keyboard
2024-10-02 12:35:35,keyboard
2024-10-02 12:35:37,keyboard
2024-10-02 12:35:39,keyboard
2024-10-02 12:35:40,keyboard
2024-10-02 12:35:42,keyboard
2024-10-02 12:35:44,keyboard
2024-10-02 12:35:45,keyboard
2024-10-02 12:35:47,keyboard
2024-10-02 12:35:48,keyboard
2024-10-02 12:35:49,keyboard
2024-10-02 12:35:50,keyboard
2024-10-02 12:35:51,keyboard
2024-10-02 12:35:53,keyboard
2024-10-02 12:35:55,keyboard
2024-10-02 12:35:56,keyboard
2024-10-02 12:35:58,keyboard
2024-10-02 12:35:59,keyboard
2024-10-02 12:36:01,keyboard
2024-10-02 12:36:02,keyboard
2024-10-02 12:36:04,keyboard
2024-10-02 12:36:07,keyboard
2024-10-02 12:36:09,keyboard
2024-10-02 12:36:11,keyboard
2024-10-02 12:36:13,keyboard
2024-10-02 12:36:16,keyboard
2024-10-02 12:36:17,keyboard
2024-10-02 12:36:18,keyboard
2024-10-02 12:36:19,keyboard
2024-10-02 12:36:21,keyboard
2024-10-02 12:36:22,keyboard
2024-10-02 12:36:25,keyboard
2024-10-02 12:36:26,keyboard
2024-10-02 12:36:28,keyboard
2024-10-02 12:36:30,keyboard
2024-10-02 12:36:32,keyboard
2024-10-02 12:36:33,keyboard
2024-10-02 12:36:35,keyboard
2024-10-02 12:36:37,keyboard
2024-10-02 12:36:38,keyboard
2024-10-02 12:36:39,keyboard
2024-10-02 12:36:41,keyboard
2024-10-02 12:36:44,keyboard
2024-10-02 12:36:45,keyboard
2024-10-02 12:36:48,keyboard
2024-10-02 12:36:50,keyboard
2024-10-02 12:36:52,keyboard
2024-10-02 12:36:54,keyboard
2024-10-02 12:36:55,"keyboard, person"
2024-10-02 12:36:57,keyboard
2024-10-02 12:36:59,keyboard
2024-10-02 12:37:01,keyboard
2024-10-02 12:37:02,keyboard
2024-10-02 12:37:03,keyboard
2024-10-02 12:37:05,keyboard
2024-10-02 12:37:07,keyboard
2024-10-02 12:37:09,keyboard
2024-10-02 12:37:10,keyboard
2024-10-02 12:37:11,keyboard
2024-10-02 12:37:12,keyboard
2024-10-02 12:37:14,keyboard
2024-10-02 12:37:15,keyboard
2024-10-02 12:37:17,keyboard
2024-10-02 12:37:19,keyboard
2024-10-02 12:37:20,keyboard
2024-10-02 12:37:22,keyboard
2024-10-02 12:37:24,keyboard
2024-10-02 12:37:25,keyboard
2024-10-02 12:37:27,keyboard
2024-10-02 12:37:28,keyboard
2024-10-02 12:37:29,keyboard
2024-10-02 12:37:31,keyboard
2024-10-02 12:37:33,keyboard
2024-10-02 12:37:34,keyboard
2024-10-02 12:37:36,keyboard
2024-10-02 12:37:37,keyboard
2024-10-02 12:37:38,keyboard
2024-10-02 12:37:40,keyboard
2024-10-02 12:37:42,keyboard
2024-10-02 12:37:43,keyboard
2024-10-02 12:37:44,keyboard
2024-10-02 12:37:45,keyboard
2024-10-02 12:37:47,keyboard
2024-10-02 12:37:49,keyboard
2024-10-02 12:37:51,keyboard
2024-10-02 12:37:52,keyboard
2024-10-02 12:37:54,keyboard
2024-10-02 12:37:56,keyboard
2024-10-02 12:37:57,keyboard
2024-10-02 12:37:58,keyboard
2024-10-02 12:38:00,keyboard
2024-10-02 12:38:02,keyboard
2024-10-02 12:38:04,keyboard
2024-10-02 12:38:05,keyboard
2024-10-02 12:38:07,keyboard
2024-10-02 12:38:08,keyboard
2024-10-02 12:38:10,keyboard
2024-10-02 12:38:12,keyboard
2024-10-02 12:38:14,keyboard
2024-10-02 12:38:16,keyboard
2024-10-02 12:38:17,keyboard
2024-10-02 12:38:19,keyboard
2024-10-02 12:38:21,keyboard
2024-10-02 12:38:23,"tvmonitor, keyboard"
2024-10-02 12:38:25,scissors
2024-10-02 12:38:27,scissors
2024-10-02 12:38:28,scissors
2024-10-02 12:38:30,scissors
2024-10-02 12:38:31,scissors
2024-10-02 12:38:32,scissors
2024-10-02 12:38:34,scissors
2024-10-02 12:38:36,scissors
2024-10-02 12:38:38,"scissors, keyboard"
2024-10-02 12:38:40,scissors
2024-10-02 12:38:42,keyboard
2024-10-02 12:38:43,keyboard
2024-10-02 12:38:45,"scissors, keyboard"
2024-10-02 12:38:47,"scissors, keyboard"
2024-10-02 12:38:49,scissors
2024-10-02 12:38:50,keyboard
2024-10-02 12:38:51,"scissors, keyboard"
2024-10-02 12:38:54,keyboard
2024-10-02 12:38:55,"scissors, keyboard"
2024-10-02 12:38:56,"scissors, keyboard"
2024-10-02 12:38:57,"scissors, keyboard"
2024-10-02 12:38:58,keyboard
2024-10-02 12:39:00,"scissors, keyboard"
2024-10-02 12:39:01,"scissors, keyboard"
2024-10-02 12:39:03,"scissors, keyboard"
2024-10-02 12:39:05,"scissors, keyboard"
2024-10-02 12:39:07,keyboard
2024-10-02 12:39:09,scissors
2024-10-02 12:39:10,keyboard
2024-10-02 12:39:12,"scissors, keyboard"
2024-10-02 12:39:13,"scissors, keyboard"
2024-10-02 12:39:15,"scissors, keyboard"
2024-10-02 12:39:18,keyboard
2024-10-02 12:39:21,keyboard
2024-10-02 12:39:25,keyboard
2024-10-02 12:39:34,keyboard
2024-10-02 12:39:35,keyboard
2024-10-02 12:39:36,keyboard
2024-10-02 12:39:43,keyboard
2024-10-02 12:39:45,keyboard
2024-10-02 12:39:56,keyboard
2024-10-02 12:40:08,keyboard
2024-10-02 12:40:13,keyboard
2024-10-02 12:40:15,keyboard
2024-10-02 12:40:18,keyboard
2024-10-02 12:40:19,keyboard
2024-10-02 12:40:20,keyboard
2024-10-02 12:40:21,keyboard
2024-10-02 12:40:23,keyboard
2024-10-02 12:40:24,keyboard
2024-10-02 12:40:25,scissors
2024-10-02 12:40:27,"scissors, keyboard"
2024-10-02 12:40:28,scissors
2024-10-02 12:40:33,scissors
2024-10-02 12:40:37,scissors
2024-10-02 12:40:41,scissors
2024-10-02 12:40:44,keyboard
2024-10-02 12:40:46,scissors
2024-10-02 12:40:49,scissors
2024-10-02 12:40:50,"scissors, keyboard"
2024-10-02 12:40:52,scissors
2024-10-02 12:40:53,scissors
2024-10-02 12:40:54,"scissors, keyboard"
2024-10-02 12:40:56,keyboard
2024-10-02 12:40:57,keyboard
2024-10-02 12:40:59,keyboard
2024-10-02 12:41:00,scissors
2024-10-02 12:41:02,"scissors, keyboard"
2024-10-02 12:41:05,"scissors, keyboard"
2024-10-02 12:41:11,scissors
2024-10-02 12:41:13,keyboard
2024-10-02 12:41:15,keyboard
2024-10-02 12:41:16,scissors
2024-10-02 12:41:18,"scissors, keyboard"
2024-10-02 12:41:19,"scissors, keyboard"
2024-10-02 12:41:21,"scissors, keyboard"
2024-10-02 12:41:23,"scissors, keyboard"
2024-10-02 12:41:25,"scissors, keyboard"
2024-10-02 12:41:27,scissors
2024-10-02 12:41:29,"scissors, keyboard"
2024-10-02 12:41:30,"scissors, keyboard"
2024-10-02 12:41:31,"scissors, keyboard"
2024-10-02 12:41:32,"scissors, keyboard"
2024-10-02 12:41:34,"keyboard, scissors"
2024-10-02 12:41:35,"scissors, keyboard"
2024-10-02 12:41:37,"scissors, keyboard"
2024-10-02 12:41:38,"scissors, keyboard"
2024-10-02 12:41:40,scissors
2024-10-02 12:41:41,"scissors, keyboard"
2024-10-02 12:41:43,scissors
2024-10-02 12:41:44,scissors
2024-10-02 12:41:45,"scissors, keyboard"
2024-10-02 12:41:47,keyboard
2024-10-02 12:41:49,keyboard
2024-10-02 12:41:52,scissors
2024-10-02 12:41:53,"scissors, keyboard"
2024-10-02 12:41:54,"scissors, keyboard"
2024-10-02 12:41:55,"scissors, keyboard"
2024-10-02 12:41:56,"scissors, keyboard"
2024-10-02 12:41:58,keyboard
2024-10-02 12:42:00,scissors
2024-10-02 12:42:02,keyboard
2024-10-02 12:42:04,"scissors, keyboard"
2024-10-02 12:42:06,"scissors, keyboard"
2024-10-02 12:42:08,keyboard
2024-10-02 12:42:10,"scissors, keyboard"
2024-10-02 12:42:12,"scissors, keyboard"
2024-10-02 12:42:13,keyboard
2024-10-02 12:42:16,"scissors, keyboard"
2024-10-02 12:42:18,scissors
2024-10-02 12:42:20,"scissors, keyboard"
2024-10-02 12:42:21,scissors
2024-10-02 12:42:22,scissors
2024-10-02 12:42:24,scissors
2024-10-02 12:42:26,scissors
2024-10-02 12:42:28,"scissors, keyboard"
2024-10-02 12:42:32,scissors
2024-10-02 12:42:34,scissors
2024-10-02 12:42:36,scissors
2024-10-02 12:42:38,scissors
2024-10-02 12:42:39,scissors
2024-10-02 12:42:41,scissors
2024-10-02 12:42:42,scissors
2024-10-02 12:42:43,scissors
2024-10-02 12:42:44,scissors
2024-10-02 12:42:45,scissors
2024-10-02 12:42:47,scissors
2024-10-02 12:42:48,scissors
2024-10-02 12:42:50,scissors
2024-10-02 12:42:51,scissors
2024-10-02 12:42:53,scissors
2024-10-02 12:42:54,scissors
2024-10-02 12:42:55,scissors
2024-10-02 12:42:56,scissors
2024-10-02 12:42:58,scissors
2024-10-02 12:42:59,scissors
2024-10-02 12:43:00,"scissors, keyboard"
2024-10-02 12:43:03,scissors
2024-10-02 12:43:04,scissors
2024-10-02 12:43:05,scissors
2024-10-02 12:43:08,scissors
2024-10-02 12:43:10,scissors
2024-10-02 12:43:12,"scissors, keyboard"
2024-10-02 12:43:14,"scissors, keyboard"
2024-10-02 12:43:19,scissors
2024-10-02 12:43:21,scissors
2024-10-02 12:43:23,scissors
2024-10-02 12:43:25,scissors
2024-10-02 12:43:28,scissors
2024-10-02 12:43:29,scissors
2024-10-02 12:43:30,"scissors, keyboard"
2024-10-02 12:43:31,"scissors, keyboard"
2024-10-02 12:43:32,"scissors, keyboard"
2024-10-02 12:43:33,scissors
2024-10-02 12:43:35,scissors
2024-10-02 12:43:37,scissors
2024-10-02 12:43:39,scissors
2024-10-02 12:43:40,scissors
2024-10-02 12:43:42,"scissors, keyboard"
2024-10-02 12:43:43,"scissors, keyboard"
2024-10-02 12:43:44,scissors
2024-10-02 12:43:45,scissors
2024-10-02 12:43:47,scissors
2024-10-02 12:43:49,"scissors, keyboard"
2024-10-02 12:43:50,scissors
2024-10-02 12:43:51,scissors
2024-10-02 12:43:53,scissors
2024-10-02 12:43:55,scissors
2024-10-02 12:43:57,"scissors, keyboard"
2024-10-02 12:43:58,"scissors, keyboard"
2024-10-02 12:44:00,scissors
2024-10-02 12:44:02,"scissors, keyboard"
2024-10-02 12:44:04,"scissors, keyboard"
2024-10-02 12:44:05,keyboard
2024-10-02 12:44:07,keyboard
2024-10-02 12:44:09,keyboard
2024-10-02 12:44:10,keyboard
2024-10-02 12:44:11,keyboard
2024-10-02 12:44:12,keyboard
2024-10-02 12:44:14,keyboard
2024-10-02 12:44:15,keyboard
2024-10-02 12:44:16,"scissors, keyboard"
2024-10-02 12:44:17,"scissors, keyboard"
2024-10-02 12:44:19,keyboard
2024-10-02 12:44:21,keyboard
2024-10-02 12:44:23,keyboard
2024-10-02 12:44:24,"scissors, keyboard"
2024-10-02 12:44:28,scissors
2024-10-02 12:44:30,"scissors, keyboard"
2024-10-02 12:44:41,"keyboard, scissors"
2024-10-02 12:44:47,"scissors, keyboard"
2024-10-02 12:44:49,"scissors, keyboard"
2024-10-02 12:44:50,"scissors, keyboard"
2024-10-02 12:44:52,"scissors, keyboard"
2024-10-02 12:44:54,"scissors, keyboard"
2024-10-02 12:44:56,"scissors, keyboard"
2024-10-02 12:44:58,"keyboard, scissors"
2024-10-02 12:45:00,"scissors, keyboard"
2024-10-02 12:45:01,scissors
2024-10-02 12:45:03,"scissors, keyboard"
2024-10-02 12:45:05,"scissors, keyboard"
2024-10-02 12:45:07,"scissors, keyboard"
2024-10-02 12:45:09,"scissors, keyboard"
2024-10-02 12:45:11,"scissors, keyboard"
2024-10-02 12:45:13,scissors
2024-10-02 12:45:14,"scissors, keyboard"
2024-10-02 12:45:16,"scissors, keyboard"
2024-10-02 12:45:18,scissors
2024-10-02 12:45:20,"scissors, keyboard"
2024-10-02 12:45:22,"scissors, keyboard"
2024-10-02 12:45:24,"scissors, keyboard"
2024-10-02 12:45:26,"scissors, keyboard"
2024-10-02 12:45:27,"scissors, keyboard"
2024-10-02 12:45:29,"scissors, keyboard"
2024-10-02 12:45:31,scissors
2024-10-02 12:46:00,keyboard
2024-10-02 12:46:03,scissors
2024-10-02 12:46:05,keyboard
2024-10-02 12:46:06,keyboard
2024-10-02 12:46:09,scissors
2024-10-02 12:46:11,scissors
2024-10-02 12:46:16,scissors
2024-10-02 12:46:20,"scissors, keyboard"
2024-10-02 12:46:21,scissors
2024-10-02 12:46:23,scissors
2024-10-02 12:46:25,"keyboard, scissors"
2024-10-02 12:46:26,scissors
2024-10-02 12:46:28,"scissors, keyboard"
2024-10-02 12:46:30,"scissors, keyboard"
2024-10-02 12:46:32,scissors
2024-10-02 12:46:34,scissors
2024-10-02 12:46:36,scissors
2024-10-02 12:46:38,scissors
2024-10-02 12:46:39,scissors
2024-10-02 12:46:40,scissors
2024-10-02 12:46:42,scissors
2024-10-02 12:46:44,scissors
2024-10-02 12:46:46,scissors
2024-10-02 12:46:48,scissors
2024-10-02 12:46:50,scissors
2024-10-02 12:46:51,scissors
2024-10-02 12:46:53,scissors
2024-10-02 12:46:55,scissors
2024-10-02 12:46:57,scissors
2024-10-02 12:46:59,scissors
2024-10-02 12:47:01,"scissors, keyboard"
2024-10-02 12:47:03,scissors
2024-10-02 12:47:04,scissors
2024-10-02 12:47:06,scissors
2024-10-02 12:47:08,scissors
2024-10-02 12:47:10,scissors
2024-10-02 12:47:12,scissors
2024-10-02 12:47:14,scissors
2024-10-02 12:47:16,scissors
2024-10-02 12:47:17,scissors
2024-10-02 12:47:19,scissors
2024-10-02 12:47:21,scissors
2024-10-02 12:47:23,scissors
2024-10-02 12:47:25,scissors
2024-10-02 12:47:27,scissors
2024-10-02 12:47:28,scissors
2024-10-02 12:47:30,scissors
2024-10-02 12:47:32,scissors
2024-10-02 12:47:34,scissors
2024-10-02 12:47:36,scissors
2024-10-02 12:47:38,scissors
2024-10-02 12:47:40,scissors
2024-10-02 12:47:41,scissors
2024-10-02 12:47:43,scissors
2024-10-02 12:47:45,scissors
2024-10-02 12:47:47,scissors
2024-10-02 12:47:49,scissors
2024-10-02 12:47:51,scissors
2024-10-02 12:47:53,scissors
2024-10-02 12:47:54,scissors
2024-10-02 12:47:56,scissors
2024-10-02 12:47:57,scissors
2024-10-02 12:47:59,scissors
2024-10-02 12:48:01,scissors
2024-10-02 12:48:03,scissors
2024-10-02 12:48:05,scissors
2024-10-02 12:48:07,scissors
2024-10-02 12:48:08,scissors
2024-10-02 12:48:10,scissors
2024-10-02 12:48:12,scissors
2024-10-02 12:48:14,scissors
2024-10-02 12:48:16,scissors
2024-10-02 12:48:18,scissors
2024-10-02 12:48:19,scissors
2024-10-02 12:48:21,scissors
2024-10-02 12:48:23,scissors
2024-10-02 12:48:25,scissors
2024-10-02 12:48:27,scissors
2024-10-02 12:48:29,scissors
2024-10-02 12:48:31,scissors
2024-10-02 12:48:33,scissors
2024-10-02 12:48:34,scissors
2024-10-02 12:48:35,scissors
2024-10-02 12:48:37,scissors
2024-10-02 12:48:39,scissors
2024-10-02 12:48:41,scissors
2024-10-02 12:48:43,scissors
2024-10-02 12:48:45,scissors
2024-10-02 12:48:46,scissors
2024-10-02 12:48:48,scissors
2024-10-02 12:48:50,scissors
2024-10-02 12:48:52,scissors
2024-10-02 12:48:54,scissors
2024-10-02 12:48:56,scissors
2024-10-02 12:48:58,scissors
2024-10-02 12:48:59,scissors
2024-10-02 12:49:01,scissors
2024-10-02 12:49:03,scissors
2024-10-02 12:49:05,scissors
2024-10-02 12:49:07,scissors
2024-10-02 12:49:09,scissors
2024-10-02 12:49:10,scissors
2024-10-02 12:49:12,scissors
2024-10-02 12:49:14,scissors
2024-10-02 12:49:16,scissors
2024-10-02 12:49:18,scissors
2024-10-02 12:49:20,scissors
2024-10-02 12:49:22,scissors
2024-10-02 12:49:23,scissors
2024-10-02 12:49:25,scissors
2024-10-02 12:49:27,scissors
2024-10-02 12:49:29,scissors
2024-10-02 12:49:31,scissors
2024-10-02 12:49:33,scissors
2024-10-02 12:49:34,scissors
2024-10-02 12:49:36,scissors
2024-10-02 12:49:38,scissors
2024-10-02 12:49:40,scissors
2024-10-02 12:49:42,scissors
2024-10-02 12:49:44,scissors
2024-10-02 12:49:46,scissors
2024-10-02 12:49:47,scissors
2024-10-02 12:49:48,scissors
2024-10-02 12:49:50,scissors
2024-10-02 12:49:52,scissors
2024-10-02 12:49:54,scissors
2024-10-02 12:49:56,scissors
2024-10-02 12:49:58,scissors
2024-10-02 12:50:00,scissors
2024-10-02 12:50:01,scissors
2024-10-02 12:50:03,scissors
2024-10-02 12:50:05,scissors
2024-10-02 12:50:07,scissors
2024-10-02 12:50:09,scissors
2024-10-02 12:50:11,scissors
2024-10-02 12:50:12,scissors
2024-10-02 12:50:14,scissors
2024-10-02 12:50:16,scissors
2024-10-02 12:50:18,scissors
2024-10-02 12:50:20,scissors
2024-10-02 12:50:22,scissors
2024-10-02 12:50:24,scissors
2024-10-02 12:50:25,scissors
2024-10-02 12:50:27,scissors
2024-10-02 12:50:29,scissors
2024-10-02 12:50:31,scissors
2024-10-02 12:50:33,scissors
2024-10-02 12:50:35,scissors
2024-10-02 12:50:37,scissors
2024-10-02 12:50:38,scissors
2024-10-02 12:50:40,scissors
2024-10-02 12:50:42,scissors
2024-10-02 12:50:44,scissors
2024-10-02 12:50:46,scissors
2024-10-02 12:50:48,scissors
2024-10-02 12:50:50,scissors
2024-10-02 12:50:51,scissors
2024-10-02 12:50:53,scissors
2024-10-02 12:50:55,scissors
2024-10-02 12:50:57,scissors
2024-10-02 12:50:59,scissors
2024-10-02 12:51:00,scissors
2024-10-02 12:51:02,scissors
2024-10-02 12:51:04,scissors
2024-10-02 12:51:05,scissors
2024-10-02 12:51:07,scissors
2024-10-02 12:51:09,scissors
2024-10-02 12:51:11,scissors
2024-10-02 12:51:13,scissors
2024-10-02 12:51:15,scissors
2024-10-02 12:51:16,scissors
2024-10-02 12:51:18,scissors
2024-10-02 12:51:20,scissors
2024-10-02 12:51:22,scissors
2024-10-02 12:51:24,scissors
2024-10-02 12:51:26,scissors
2024-10-02 12:51:28,scissors
2024-10-02 12:51:29,scissors
2024-10-02 12:51:31,scissors
2024-10-02 12:51:33,scissors
2024-10-02 12:51:35,scissors
2024-10-02 12:51:37,scissors
2024-10-02 12:51:39,scissors
2024-10-02 12:51:41,scissors
2024-10-02 12:51:43,scissors
2024-10-02 12:51:45,scissors
2024-10-02 12:51:46,scissors
2024-10-02 12:51:48,scissors
2024-10-02 12:51:50,scissors
2024-10-02 12:51:52,scissors
2024-10-02 12:51:54,scissors
2024-10-02 12:51:56,scissors
2024-10-02 12:51:57,scissors
2024-10-02 12:51:59,scissors
2024-10-02 12:52:00,scissors
2024-10-02 12:52:02,scissors
2024-10-02 12:52:04,scissors
2024-10-02 12:52:06,scissors
2024-10-02 12:52:08,scissors
2024-10-02 12:52:10,scissors
2024-10-02 12:52:12,scissors
2024-10-02 12:52:13,scissors
2024-10-02 12:52:15,scissors
2024-10-02 12:52:16,scissors
2024-10-02 12:52:18,scissors
2024-10-02 12:52:20,scissors
2024-10-02 12:52:22,scissors
2024-10-02 12:52:24,scissors
2024-10-02 12:52:26,scissors
2024-10-02 12:52:28,scissors
2024-10-02 12:52:29,scissors
2024-10-02 12:52:31,scissors
2024-10-02 12:52:33,scissors
2024-10-02 12:52:35,scissors
2024-10-02 12:52:37,scissors
2024-10-02 12:52:39,scissors
2024-10-02 12:52:41,scissors
2024-10-02 12:52:42,scissors
2024-10-02 12:52:44,scissors
2024-10-02 12:52:46,scissors
2024-10-02 12:52:48,scissors
2024-10-02 12:52:50,scissors
2024-10-02 12:52:52,scissors
2024-10-02 12:52:54,scissors
2024-10-02 12:52:55,scissors
2024-10-02 12:52:57,scissors
2024-10-02 12:52:59,scissors
2024-10-02 12:53:01,scissors
2024-10-02 12:53:03,scissors
2024-10-02 12:53:05,scissors
2024-10-02 12:53:06,scissors
2024-10-02 12:53:08,scissors
2024-10-02 12:53:10,scissors
2024-10-02 12:53:12,scissors
2024-10-02 12:53:14,scissors
2024-10-02 12:53:16,scissors
2024-10-02 12:53:18,scissors
2024-10-02 12:53:20,scissors
2024-10-02 12:53:21,scissors
2024-10-02 12:53:23,scissors
2024-10-02 12:53:25,scissors
2024-10-02 12:53:27,scissors
2024-10-02 12:53:28,scissors
2024-10-02 12:53:29,scissors
2024-10-02 12:53:31,scissors
2024-10-02 12:53:33,scissors
2024-10-02 12:53:35,scissors
2024-10-02 12:53:36,scissors
2024-10-02 12:53:38,scissors
2024-10-02 12:53:40,scissors
2024-10-02 12:53:42,scissors
2024-10-02 12:53:44,scissors
2024-10-02 12:53:46,scissors
2024-10-02 12:53:48,scissors
2024-10-02 12:53:49,scissors
2024-10-02 12:53:51,scissors
2024-10-02 12:53:53,scissors
2024-10-02 12:53:55,scissors
2024-10-02 12:53:57,scissors
2024-10-02 12:53:59,scissors
2024-10-02 12:54:01,scissors
2024-10-02 12:54:02,scissors
2024-10-02 12:54:04,scissors
2024-10-02 12:54:05,scissors
2024-10-02 12:54:07,scissors
2024-10-02 12:54:09,scissors
2024-10-02 12:54:11,scissors
2024-10-02 12:54:13,scissors
2024-10-02 12:54:15,scissors
2024-10-02 12:54:17,scissors
2024-10-02 12:54:18,scissors
2024-10-02 12:54:20,scissors
2024-10-02 12:54:22,scissors
2024-10-02 12:54:24,scissors
2024-10-02 12:54:26,scissors
2024-10-02 12:54:27,scissors
2024-10-02 12:54:29,scissors
2024-10-02 12:54:31,scissors
2024-10-02 12:54:32,scissors
2024-10-02 12:54:33,scissors
2024-10-02 12:54:35,scissors
2024-10-02 12:54:37,scissors
2024-10-02 12:54:38,scissors
2024-10-02 12:54:40,scissors
2024-10-02 12:54:42,scissors
2024-10-02 12:54:44,scissors
2024-10-02 12:54:46,scissors
2024-10-02 12:54:48,scissors
2024-10-02 12:54:49,scissors
2024-10-02 12:54:51,scissors
2024-10-02 12:54:52,scissors
2024-10-02 12:54:54,scissors
2024-10-02 12:54:56,scissors
2024-10-02 12:54:58,scissors
2024-10-02 12:55:00,scissors
2024-10-02 12:55:02,scissors
2024-10-02 12:55:04,scissors
2024-10-02 12:55:05,scissors
2024-10-02 12:55:07,scissors
2024-10-02 12:55:09,scissors
2024-10-02 12:55:11,scissors
2024-10-02 12:55:13,scissors
2024-10-02 12:55:14,scissors
2024-10-02 12:55:16,scissors
2024-10-02 12:55:18,scissors
2024-10-02 12:55:20,scissors
2024-10-02 12:55:21,scissors
2024-10-02 12:55:23,scissors
2024-10-02 12:55:25,scissors
2024-10-02 12:55:27,scissors
2024-10-02 12:55:29,scissors
2024-10-02 12:55:31,scissors
2024-10-02 12:55:33,scissors
2024-10-02 12:55:35,scissors
2024-10-02 12:55:36,scissors
2024-10-02 12:55:38,scissors
2024-10-02 12:55:40,scissors
2024-10-02 12:55:42,scissors
2024-10-02 12:55:44,scissors
2024-10-02 12:55:46,scissors
2024-10-02 12:55:47,scissors
2024-10-02 12:55:49,scissors
2024-10-02 12:55:51,scissors
2024-10-02 12:55:53,scissors
2024-10-02 12:55:55,scissors
2024-10-02 12:55:57,scissors
2024-10-02 12:55:59,scissors
2024-10-02 12:56:01,scissors
2024-10-02 12:56:02,scissors
2024-10-02 12:56:04,scissors
2024-10-02 12:56:06,scissors
2024-10-02 12:56:08,scissors
2024-10-02 12:56:09,scissors
2024-10-02 12:56:11,scissors
2024-10-02 12:56:13,scissors
2024-10-02 12:56:15,scissors
2024-10-02 12:56:16,scissors
2024-10-02 12:56:18,scissors
2024-10-02 12:56:20,scissors
2024-10-02 12:56:22,scissors
2024-10-02 12:56:24,scissors
2024-10-02 12:56:26,scissors
2024-10-02 12:56:28,scissors
2024-10-02 12:56:30,scissors
2024-10-02 12:56:32,scissors
2024-10-02 12:56:33,scissors
2024-10-02 12:56:35,scissors
2024-10-02 12:56:37,scissors
2024-10-02 12:56:39,scissors
2024-10-02 12:56:41,scissors
2024-10-02 12:56:43,scissors
2024-10-02 12:56:45,scissors
2024-10-02 12:56:46,scissors
2024-10-02 12:56:48,scissors
2024-10-02 12:56:50,scissors
2024-10-02 12:56:52,scissors
2024-10-02 12:56:54,scissors
2024-10-02 12:56:56,scissors
2024-10-02 12:56:58,scissors
2024-10-02 12:56:59,scissors
2024-10-02 12:57:01,scissors
2024-10-02 12:57:03,scissors
2024-10-02 12:57:05,scissors
2024-10-02 12:57:07,scissors
2024-10-02 12:57:09,scissors
2024-10-02 12:57:11,scissors
2024-10-02 12:57:13,scissors
2024-10-02 12:57:14,scissors
2024-10-02 12:57:16,scissors
2024-10-02 12:57:18,scissors
2024-10-02 12:57:20,scissors
2024-10-02 12:57:22,scissors
2024-10-02 12:57:24,scissors
2024-10-02 12:57:26,scissors
2024-10-02 12:57:27,scissors
2024-10-02 12:57:29,scissors
2024-10-02 12:57:31,scissors
2024-10-02 12:57:32,scissors
2024-10-02 12:57:34,scissors
2024-10-02 12:57:36,scissors
2024-10-02 12:57:38,scissors
2024-10-02 12:57:40,scissors
2024-10-02 12:57:41,scissors
2024-10-02 12:57:43,scissors
2024-10-02 12:57:45,scissors
2024-10-02 12:57:47,scissors
2024-10-02 12:57:49,scissors
2024-10-02 12:57:51,scissors
2024-10-02 12:57:53,scissors
2024-10-02 12:57:54,scissors
2024-10-02 12:57:56,scissors
2024-10-02 12:57:58,scissors
2024-10-02 12:57:59,scissors
2024-10-02 12:58:01,scissors
2024-10-02 12:58:03,scissors
2024-10-02 12:58:05,scissors
2024-10-02 12:58:07,scissors
2024-10-02 12:58:08,scissors
2024-10-02 12:58:10,scissors
2024-10-02 12:58:12,scissors
2024-10-02 12:58:14,scissors
2024-10-02 12:58:16,scissors
2024-10-02 12:58:18,scissors
2024-10-02 12:58:20,scissors
2024-10-02 12:58:21,scissors
2024-10-02 12:58:23,scissors
2024-10-02 12:58:25,scissors
2024-10-02 12:58:27,scissors
2024-10-02 12:58:29,scissors
2024-10-02 12:58:30,scissors
2024-10-02 12:58:32,scissors
2024-10-02 12:58:34,scissors
2024-10-02 12:58:36,scissors
2024-10-02 12:58:37,scissors
2024-10-02 12:58:39,scissors
2024-10-02 12:58:41,scissors
2024-10-02 12:58:43,scissors
2024-10-02 12:58:45,scissors
2024-10-02 12:58:47,scissors
2024-10-02 12:58:49,scissors
2024-10-02 12:58:50,scissors
2024-10-02 12:58:52,scissors
2024-10-02 12:58:54,scissors
2024-10-02 12:58:56,scissors
2024-10-02 12:58:58,scissors
2024-10-02 12:59:00,scissors
2024-10-02 12:59:02,scissors
2024-10-02 12:59:03,scissors
2024-10-02 12:59:05,scissors
2024-10-02 12:59:07,scissors
2024-10-02 12:59:09,scissors
2024-10-02 12:59:11,scissors
2024-10-02 12:59:13,scissors
2024-10-02 12:59:15,scissors
2024-10-02 12:59:16,scissors
2024-10-02 12:59:18,scissors
2024-10-02 12:59:20,scissors
2024-10-02 12:59:22,scissors
2024-10-02 12:59:24,scissors
2024-10-02 12:59:26,scissors
2024-10-02 12:59:28,scissors
2024-10-02 12:59:29,scissors
2024-10-02 12:59:31,scissors
2024-10-02 12:59:33,scissors
2024-10-02 12:59:35,scissors
2024-10-02 12:59:37,scissors
2024-10-02 12:59:39,scissors
2024-10-02 12:59:40,scissors
2024-10-02 12:59:42,scissors
2024-10-02 12:59:44,scissors
2024-10-02 12:59:45,scissors
2024-10-02 12:59:47,scissors
2024-10-02 12:59:49,scissors
2024-10-02 12:59:51,scissors
2024-10-02 12:59:53,scissors
2024-10-02 12:59:55,scissors
2024-10-02 12:59:57,scissors
2024-10-02 12:59:58,scissors
2024-10-02 13:00:00,scissors
2024-10-02 13:00:02,scissors
2024-10-02 13:00:04,scissors
2024-10-02 13:00:06,scissors
2024-10-02 13:00:08,scissors
2024-10-02 13:00:10,scissors
2024-10-02 13:00:11,scissors
2024-10-02 13:00:13,scissors
2024-10-02 13:00:15,scissors
2024-10-02 13:00:17,scissors
2024-10-02 13:00:19,scissors
2024-10-02 13:00:21,scissors
2024-10-02 13:00:22,scissors
2024-10-02 13:00:24,scissors
2024-10-02 13:00:25,scissors
2024-10-02 13:00:27,scissors
2024-10-02 13:00:29,scissors
2024-10-02 13:00:31,scissors
2024-10-02 13:00:33,scissors
2024-10-02 13:00:34,scissors
2024-10-02 13:00:36,scissors
2024-10-02 13:00:37,scissors
2024-10-02 13:00:39,scissors
2024-10-02 13:00:41,"keyboard, scissors"
2024-10-02 13:00:43,scissors
2024-10-02 13:00:44,scissors
2024-10-02 13:00:46,scissors
2024-10-02 13:00:47,"scissors, keyboard"
2024-10-02 13:00:49,"scissors, keyboard"
2024-10-02 13:00:51,scissors
2024-10-02 13:00:52,scissors
2024-10-02 13:00:54,scissors
2024-10-02 13:00:56,scissors
2024-10-02 13:00:58,scissors
2024-10-02 13:01:00,scissors
2024-10-02 13:01:02,scissors
2024-10-02 13:01:04,scissors
2024-10-02 13:01:05,scissors
2024-10-02 13:01:07,scissors
2024-10-02 13:01:09,scissors
2024-10-02 13:01:11,scissors
2024-10-02 13:01:13,scissors
2024-10-02 13:01:15,scissors
2024-10-02 13:01:17,scissors
2024-10-02 13:01:18,scissors
2024-10-02 13:01:20,scissors
2024-10-02 13:01:22,scissors
2024-10-02 13:01:24,scissors
2024-10-02 13:01:26,scissors
2024-10-02 13:01:28,scissors
2024-10-02 13:01:29,scissors
2024-10-02 13:01:31,scissors
2024-10-02 13:01:33,scissors
2024-10-02 13:01:34,scissors
2024-10-02 13:01:35,scissors
2024-10-02 13:01:37,scissors
2024-10-02 13:01:39,scissors
2024-10-02 13:01:41,scissors
2024-10-02 13:01:43,scissors
2024-10-02 13:01:44,scissors
2024-10-02 13:01:46,scissors
2024-10-02 13:01:48,scissors
2024-10-02 13:01:49,scissors
2024-10-02 13:01:51,scissors
2024-10-02 13:01:52,scissors
2024-10-02 13:01:54,scissors
2024-10-02 13:01:56,scissors
2024-10-02 13:01:58,scissors
2024-10-02 13:02:00,scissors
2024-10-02 13:02:02,scissors
2024-10-02 13:02:03,scissors
2024-10-02 13:02:05,scissors
2024-10-02 13:02:07,scissors
2024-10-02 13:02:09,scissors
2024-10-02 13:02:11,"scissors, keyboard"
2024-10-02 13:02:13,scissors
2024-10-02 13:02:14,scissors
2024-10-02 13:02:16,scissors
2024-10-02 13:02:18,scissors
2024-10-02 13:02:19,scissors
2024-10-02 13:02:21,scissors
2024-10-02 13:02:23,scissors
2024-10-02 13:02:25,scissors
2024-10-02 13:02:27,scissors
2024-10-02 13:02:29,scissors
2024-10-02 13:02:31,scissors
2024-10-02 13:02:32,scissors
2024-10-02 13:02:34,scissors
2024-10-02 13:02:36,scissors
2024-10-02 13:02:38,scissors
2024-10-02 13:02:40,scissors
2024-10-02 13:02:42,scissors
2024-10-02 13:02:44,scissors
2024-10-02 13:02:45,scissors
2024-10-02 13:02:47,scissors
2024-10-02 13:02:49,scissors
2024-10-02 13:02:51,scissors
2024-10-02 13:02:53,scissors
2024-10-02 13:02:54,scissors
2024-10-02 13:02:55,scissors
2024-10-02 13:02:57,scissors
2024-10-02 13:02:59,scissors
2024-10-02 13:03:01,scissors
2024-10-02 13:03:02,scissors
2024-10-02 13:03:04,scissors
2024-10-02 13:03:06,scissors
2024-10-02 13:03:08,scissors
2024-10-02 13:03:09,scissors
2024-10-02 13:03:11,scissors
2024-10-02 13:03:13,scissors
2024-10-02 13:03:15,scissors
2024-10-02 13:03:16,scissors
2024-10-02 13:03:18,scissors
2024-10-02 13:03:20,scissors
2024-10-02 13:03:22,scissors
2024-10-02 13:03:24,scissors
2024-10-02 13:03:26,scissors
2024-10-02 13:03:28,scissors
2024-10-02 13:03:30,scissors
2024-10-02 13:03:31,scissors
2024-10-02 13:03:33,scissors
2024-10-02 13:03:35,scissors
2024-10-02 13:03:37,scissors
2024-10-02 13:03:39,scissors
2024-10-02 13:03:41,scissors
2024-10-02 13:03:43,scissors
2024-10-02 13:03:44,scissors
2024-10-02 13:03:45,scissors
2024-10-02 13:03:47,scissors
2024-10-02 13:03:48,scissors
2024-10-02 13:03:50,scissors
2024-10-02 13:03:52,scissors
2024-10-02 13:03:54,scissors
2024-10-02 13:03:56,scissors
2024-10-02 13:03:58,scissors
2024-10-02 13:03:59,scissors
2024-10-02 13:04:00,scissors
2024-10-02 13:04:02,scissors
2024-10-02 13:04:04,scissors
2024-10-02 13:04:06,scissors
2024-10-02 13:04:08,scissors
2024-10-02 13:04:09,scissors
2024-10-02 13:04:11,scissors
2024-10-02 13:04:13,scissors
2024-10-02 13:04:15,scissors
2024-10-02 13:04:16,scissors
2024-10-02 13:04:18,scissors
2024-10-02 13:04:19,scissors
2024-10-02 13:04:21,scissors
2024-10-02 13:04:23,scissors
2024-10-02 13:04:24,scissors
2024-10-02 13:04:26,scissors
2024-10-02 13:04:28,scissors
2024-10-02 13:04:30,scissors
2024-10-02 13:04:32,scissors
2024-10-02 13:04:34,scissors
2024-10-02 13:04:36,scissors
2024-10-02 13:04:38,scissors
2024-10-02 13:04:39,scissors
2024-10-02 13:04:40,scissors
2024-10-02 13:04:42,scissors
2024-10-02 13:04:43,scissors
2024-10-02 13:04:44,scissors
2024-10-02 13:04:46,scissors
2024-10-02 13:04:48,scissors
2024-10-02 13:04:49,scissors
2024-10-02 13:04:51,scissors
2024-10-02 13:04:53,scissors
2024-10-02 13:04:54,scissors
2024-10-02 13:04:56,scissors
2024-10-02 13:04:57,scissors
2024-10-02 13:04:59,scissors
2024-10-02 13:05:01,scissors
2024-10-02 13:05:03,scissors
2024-10-02 13:05:04,scissors
2024-10-02 13:05:06,"keyboard, scissors"
2024-10-02 13:05:08,scissors
2024-10-02 13:05:09,"scissors, keyboard"
2024-10-02 13:05:10,scissors
2024-10-02 13:05:12,scissors
2024-10-02 13:05:13,scissors
2024-10-02 13:05:15,scissors
2024-10-02 13:05:17,scissors
2024-10-02 13:05:19,scissors
2024-10-02 13:05:21,scissors
2024-10-02 13:05:23,scissors
2024-10-02 13:05:24,scissors
2024-10-02 13:05:26,scissors
2024-10-02 13:05:28,scissors
2024-10-02 13:05:29,scissors
2024-10-02 13:05:31,scissors
2024-10-02 13:05:33,scissors
2024-10-02 13:05:35,scissors
2024-10-02 13:05:37,scissors
2024-10-02 13:05:38,scissors
2024-10-02 13:05:40,scissors
2024-10-02 13:05:41,scissors
2024-10-02 13:05:43,scissors
2024-10-02 13:05:45,scissors
2024-10-02 13:05:47,scissors
2024-10-02 13:05:49,scissors
2024-10-02 13:05:51,scissors
2024-10-02 13:05:52,scissors
2024-10-02 13:05:54,scissors
2024-10-02 13:05:55,scissors
2024-10-02 13:05:57,scissors
2024-10-02 13:05:59,scissors
2024-10-02 13:06:01,scissors
2024-10-02 13:06:03,scissors
2024-10-02 13:06:04,scissors
2024-10-02 13:06:06,scissors
2024-10-02 13:06:07,scissors
2024-10-02 13:06:09,scissors
2024-10-02 13:06:11,scissors
2024-10-02 13:06:13,scissors
2024-10-02 13:06:14,scissors
2024-10-02 13:06:16,scissors
2024-10-02 13:06:18,scissors
2024-10-02 13:06:19,scissors
2024-10-02 13:06:21,scissors
2024-10-02 13:06:22,scissors
2024-10-02 13:06:23,scissors
2024-10-02 13:06:25,scissors
2024-10-02 13:06:26,scissors
2024-10-02 13:06:28,scissors
2024-10-02 13:06:29,scissors
2024-10-02 13:06:31,scissors
2024-10-02 13:06:33,scissors
2024-10-02 13:06:34,scissors
2024-10-02 13:06:36,scissors
2024-10-02 13:06:37,scissors
2024-10-02 13:06:39,scissors
2024-10-02 13:06:41,scissors
2024-10-02 13:06:42,scissors
2024-10-02 13:06:43,scissors
2024-10-02 13:06:45,scissors
2024-10-02 13:06:47,scissors
2024-10-02 13:06:49,scissors
2024-10-02 13:06:51,scissors
2024-10-02 13:06:53,scissors
2024-10-02 13:06:54,scissors
2024-10-02 13:06:55,scissors
2024-10-02 13:06:57,scissors
2024-10-02 13:06:58,scissors
2024-10-02 13:07:00,scissors
2024-10-02 13:07:02,scissors
2024-10-02 13:07:04,scissors
2024-10-02 13:07:06,scissors
2024-10-02 13:07:08,scissors
2024-10-02 13:07:09,scissors
2024-10-02 13:07:10,scissors
2024-10-02 13:07:12,scissors
2024-10-02 13:07:13,scissors
2024-10-02 13:07:14,scissors
2024-10-02 13:07:16,scissors
2024-10-02 13:07:18,scissors
2024-10-02 13:07:19,scissors
2024-10-02 13:07:21,scissors
2024-10-02 13:07:23,scissors
2024-10-02 13:07:25,scissors
2024-10-02 13:07:26,scissors
2024-10-02 13:07:28,scissors
2024-10-02 13:07:30,scissors
2024-10-02 13:07:32,scissors
2024-10-02 13:07:34,scissors
2024-10-02 13:07:36,scissors
2024-10-02 13:07:37,scissors
2024-10-02 13:07:39,scissors
2024-10-02 13:07:41,scissors
2024-10-02 13:07:43,scissors
2024-10-02 13:07:44,scissors
2024-10-02 13:07:45,scissors
2024-10-02 13:07:47,scissors
2024-10-02 13:07:49,scissors
2024-10-02 13:07:51,scissors
2024-10-02 13:07:53,scissors
2024-10-02 13:07:54,scissors
2024-10-02 13:07:56,scissors
2024-10-02 13:07:57,scissors
2024-10-02 13:07:58,scissors
2024-10-02 13:08:00,scissors
2024-10-02 13:08:02,scissors
2024-10-02 13:08:04,scissors
2024-10-02 13:08:06,scissors
2024-10-02 13:08:08,scissors
2024-10-02 13:08:09,scissors
2024-10-02 13:08:11,scissors
2024-10-02 13:08:12,scissors
2024-10-02 13:08:13,scissors
2024-10-02 13:08:15,scissors
2024-10-02 13:08:17,scissors
2024-10-02 13:08:19,scissors
2024-10-02 13:08:21,scissors
2024-10-02 13:08:23,scissors
2024-10-02 13:08:24,scissors
2024-10-02 13:08:26,scissors
2024-10-02 13:08:27,scissors
2024-10-02 13:08:28,scissors
2024-10-02 13:08:30,scissors
2024-10-02 13:08:32,scissors
2024-10-02 13:08:33,scissors
2024-10-02 13:08:35,scissors
2024-10-02 13:08:37,scissors
2024-10-02 13:08:39,scissors
2024-10-02 13:08:41,scissors
2024-10-02 13:08:43,scissors
2024-10-02 13:08:44,scissors
2024-10-02 13:08:45,"scissors, keyboard"
2024-10-02 13:08:47,scissors
2024-10-02 13:08:48,scissors
2024-10-02 13:08:50,scissors
2024-10-02 13:08:52,scissors
2024-10-02 13:08:54,scissors
2024-10-02 13:08:56,scissors
2024-10-02 13:08:58,scissors
2024-10-02 13:08:59,scissors
2024-10-02 13:09:00,scissors
2024-10-02 13:09:02,scissors
2024-10-02 13:09:03,scissors
2024-10-02 13:09:05,scissors
2024-10-02 13:09:07,scissors
2024-10-02 13:09:09,scissors
2024-10-02 13:09:11,scissors
2024-10-02 13:09:13,scissors
2024-10-02 13:09:14,scissors
2024-10-02 13:09:16,scissors
2024-10-02 13:09:17,scissors
2024-10-02 13:09:18,scissors
2024-10-02 13:09:20,scissors
2024-10-02 13:09:21,scissors
2024-10-02 13:09:23,scissors
2024-10-02 13:09:25,scissors
2024-10-02 13:09:27,scissors
2024-10-02 13:09:29,scissors
2024-10-02 13:09:30,scissors
2024-10-02 13:09:32,scissors
2024-10-02 13:09:33,scissors
2024-10-02 13:09:34,scissors
2024-10-02 13:09:36,scissors
2024-10-02 13:09:38,scissors
2024-10-02 13:09:39,scissors
2024-10-02 13:09:40,scissors
2024-10-02 13:09:42,scissors
2024-10-02 13:09:43,scissors
2024-10-02 13:09:45,scissors
2024-10-02 13:09:47,scissors
2024-10-02 13:09:49,scissors
2024-10-02 13:09:51,scissors
2024-10-02 13:09:53,scissors
2024-10-02 13:09:54,scissors
2024-10-02 13:09:55,scissors
2024-10-02 13:09:57,scissors
2024-10-02 13:09:58,scissors
2024-10-02 13:10:00,scissors
2024-10-02 13:10:02,scissors
2024-10-02 13:10:04,scissors
2024-10-02 13:10:06,scissors
2024-10-02 13:10:08,scissors
2024-10-02 13:10:09,scissors
2024-10-02 13:10:11,scissors
2024-10-02 13:10:12,scissors
2024-10-02 13:10:13,scissors
2024-10-02 13:10:15,scissors
2024-10-02 13:10:17,scissors
2024-10-02 13:10:19,scissors
2024-10-02 13:10:21,scissors
2024-10-02 13:10:23,scissors
2024-10-02 13:10:24,scissors
2024-10-02 13:10:26,scissors
2024-10-02 13:10:27,scissors
2024-10-02 13:10:29,scissors
2024-10-02 13:10:30,scissors
2024-10-02 13:10:32,scissors
2024-10-02 13:10:33,scissors
2024-10-02 13:10:35,scissors
2024-10-02 13:10:37,scissors
2024-10-02 13:10:39,scissors
2024-10-02 13:10:41,scissors
2024-10-02 13:10:43,scissors
2024-10-02 13:10:44,scissors
2024-10-02 13:10:45,scissors
2024-10-02 13:10:47,scissors
2024-10-02 13:10:49,scissors
2024-10-02 13:10:51,scissors
2024-10-02 13:10:52,scissors
2024-10-02 13:10:53,scissors
2024-10-02 13:10:55,scissors
2024-10-02 13:10:57,scissors
2024-10-02 13:10:59,scissors
2024-10-02 13:11:01,scissors
2024-10-02 13:11:03,scissors
2024-10-02 13:11:04,scissors
2024-10-02 13:11:06,scissors
2024-10-02 13:11:07,scissors
2024-10-02 13:11:08,scissors
2024-10-02 13:11:10,scissors
2024-10-02 13:11:12,scissors
2024-10-02 13:11:14,scissors
2024-10-02 13:11:16,scissors
2024-10-02 13:11:18,scissors
2024-10-02 13:11:19,scissors
2024-10-02 13:11:21,"scissors, keyboard"
2024-10-02 13:11:22,scissors
2024-10-02 13:11:23,scissors
2024-10-02 13:11:24,scissors
2024-10-02 13:11:26,scissors
2024-10-02 13:11:28,scissors
2024-10-02 13:11:29,scissors
2024-10-02 13:11:31,scissors
2024-10-02 13:11:33,scissors
2024-10-02 13:11:34,scissors
2024-10-02 13:11:36,scissors
2024-10-02 13:11:38,scissors
2024-10-02 13:11:39,scissors
2024-10-02 13:11:40,scissors
2024-10-02 13:11:42,scissors
2024-10-02 13:11:44,scissors
2024-10-02 13:11:45,scissors
2024-10-02 13:11:47,scissors
2024-10-02 13:11:49,scissors
2024-10-02 13:11:51,scissors
2024-10-02 13:11:53,scissors
2024-10-02 13:11:54,scissors
2024-10-02 13:11:56,scissors
2024-10-02 13:11:58,scissors
2024-10-02 13:11:59,scissors
2024-10-02 13:12:01,scissors
2024-10-02 13:12:02,scissors
2024-10-02 13:12:03,scissors
2024-10-02 13:12:05,scissors
2024-10-02 13:12:07,scissors
2024-10-02 13:12:09,scissors
2024-10-02 13:12:11,scissors
2024-10-02 13:12:13,scissors
2024-10-02 13:12:14,scissors
2024-10-02 13:12:16,scissors
2024-10-02 13:12:18,scissors
2024-10-02 13:12:19,scissors
2024-10-02 13:12:20,scissors
2024-10-02 13:12:21,scissors
2024-10-02 13:12:23,scissors
2024-10-02 13:12:25,scissors
2024-10-02 13:12:27,scissors
2024-10-02 13:12:29,scissors
2024-10-02 13:12:31,scissors
2024-10-02 13:12:33,scissors
2024-10-02 13:12:34,scissors
2024-10-02 13:12:36,scissors
2024-10-02 13:12:37,scissors
2024-10-02 13:12:39,scissors
2024-10-02 13:12:40,scissors
2024-10-02 13:12:42,scissors
2024-10-02 13:12:44,scissors
2024-10-02 13:12:46,scissors
2024-10-02 13:12:48,scissors
2024-10-02 13:12:49,scissors
2024-10-02 13:12:51,scissors
2024-10-02 13:12:53,scissors
2024-10-02 13:12:54,scissors
2024-10-02 13:12:55,scissors
2024-10-02 13:12:57,scissors
2024-10-02 13:12:58,scissors
2024-10-02 13:13:00,scissors
2024-10-02 13:13:02,scissors
2024-10-02 13:13:04,scissors
2024-10-02 13:13:06,scissors
2024-10-02 13:13:08,scissors
2024-10-02 13:13:09,scissors
2024-10-02 13:13:10,scissors
2024-10-02 13:13:12,scissors
2024-10-02 13:13:13,scissors
2024-10-02 13:13:15,scissors
2024-10-02 13:13:16,scissors
2024-10-02 13:13:18,scissors
2024-10-02 13:13:19,scissors
2024-10-02 13:13:21,scissors
2024-10-02 13:13:23,scissors
2024-10-02 13:13:24,scissors
2024-10-02 13:13:26,scissors
2024-10-02 13:13:28,scissors
2024-10-02 13:13:29,scissors
2024-10-02 13:13:30,scissors
2024-10-02 13:13:32,scissors
2024-10-02 13:13:33,scissors
2024-10-02 13:13:35,scissors
2024-10-02 13:13:37,scissors
2024-10-02 13:13:39,scissors
2024-10-02 13:13:41,scissors
2024-10-02 13:13:43,scissors
2024-10-02 13:13:44,scissors
2024-10-02 13:13:45,scissors
2024-10-02 13:13:47,scissors
2024-10-02 13:13:49,scissors
2024-10-02 13:13:50,scissors
2024-10-02 13:13:52,scissors
2024-10-02 13:13:53,scissors
2024-10-02 13:13:55,scissors
2024-10-02 13:13:57,scissors
2024-10-02 13:13:59,scissors
2024-10-02 13:14:01,scissors
2024-10-02 13:14:03,scissors
2024-10-02 13:14:04,scissors
2024-10-02 13:14:06,scissors
2024-10-02 13:14:07,scissors
2024-10-02 13:14:08,scissors
2024-10-02 13:14:10,scissors
2024-10-02 13:14:12,scissors
2024-10-02 13:14:14,scissors
2024-10-02 13:14:16,scissors
2024-10-02 13:14:18,scissors
2024-10-02 13:14:19,scissors
2024-10-02 13:14:21,scissors
2024-10-02 13:14:22,scissors
2024-10-02 13:14:24,scissors
2024-10-02 13:14:25,scissors
2024-10-02 13:14:27,scissors
2024-10-02 13:14:29,scissors
2024-10-02 13:14:31,scissors
2024-10-02 13:14:33,scissors
2024-10-02 13:14:34,scissors
2024-10-02 13:14:36,scissors
2024-10-02 13:14:38,scissors
2024-10-02 13:14:39,scissors
2024-10-02 13:14:40,scissors
2024-10-02 13:14:42,scissors
2024-10-02 13:14:43,scissors
2024-10-02 13:14:44,scissors
2024-10-02 13:14:46,scissors
2024-10-02 13:14:48,scissors
2024-10-02 13:14:49,scissors
2024-10-02 13:14:51,scissors
2024-10-02 13:14:53,scissors
2024-10-02 13:14:54,scissors
2024-10-02 13:14:56,scissors
2024-10-02 13:14:58,scissors
2024-10-02 13:14:59,scissors
2024-10-02 13:15:00,scissors
2024-10-02 13:15:02,scissors
2024-10-02 13:15:04,scissors
2024-10-02 13:15:06,scissors
2024-10-02 13:15:08,scissors
2024-10-02 13:15:09,scissors
2024-10-02 13:15:11,scissors
2024-10-02 13:15:13,scissors
2024-10-02 13:15:14,scissors
2024-10-02 13:15:16,scissors
2024-10-02 13:15:17,scissors
2024-10-02 13:15:18,scissors
2024-10-02 13:15:20,scissors
2024-10-02 13:15:22,scissors
2024-10-02 13:15:24,scissors
2024-10-02 13:15:26,scissors
2024-10-02 13:15:28,scissors
2024-10-02 13:15:29,"scissors, keyboard"
2024-10-02 13:15:31,scissors
2024-10-02 13:15:32,scissors
2024-10-02 13:15:33,scissors
2024-10-02 13:15:35,scissors
2024-10-02 13:15:37,scissors
2024-10-02 13:15:39,scissors
2024-10-02 13:15:40,scissors
2024-10-02 13:15:42,scissors
2024-10-02 13:15:44,scissors
2024-10-02 13:15:46,scissors
2024-10-02 13:15:48,scissors
2024-10-02 13:15:49,scissors
2024-10-02 13:15:50,scissors
2024-10-02 13:15:52,scissors
2024-10-02 13:15:53,scissors
2024-10-02 13:15:55,scissors
2024-10-02 13:15:57,scissors
2024-10-02 13:15:59,"scissors, keyboard"
2024-10-02 13:16:01,scissors
2024-10-02 13:16:03,scissors
2024-10-02 13:16:04,scissors
2024-10-02 13:16:06,scissors
2024-10-02 13:16:07,scissors
2024-10-02 13:16:08,scissors
2024-10-02 13:16:10,scissors
2024-10-02 13:16:12,scissors
2024-10-02 13:16:14,scissors
2024-10-02 13:16:16,scissors
2024-10-02 13:16:18,scissors
2024-10-02 13:16:19,scissors
2024-10-02 13:16:21,scissors
2024-10-02 13:16:23,scissors
2024-10-02 13:16:24,scissors
2024-10-02 13:16:25,scissors
2024-10-02 13:16:27,scissors
2024-10-02 13:16:28,scissors
2024-10-02 13:16:30,scissors
2024-10-02 13:16:32,scissors
2024-10-02 13:16:34,scissors
2024-10-02 13:16:36,scissors
2024-10-02 13:16:37,scissors
2024-10-02 13:16:39,"keyboard, scissors"
2024-10-02 13:16:41,"scissors, keyboard"
2024-10-02 13:16:43,scissors
2024-10-02 13:16:44,scissors
2024-10-02 13:16:46,scissors
2024-10-02 13:16:47,scissors
2024-10-02 13:16:48,scissors
2024-10-02 13:16:50,scissors
2024-10-02 13:16:52,scissors
2024-10-02 13:16:54,scissors
2024-10-02 13:16:56,scissors
2024-10-02 13:16:58,scissors
2024-10-02 13:16:59,scissors
2024-10-02 13:17:01,scissors
2024-10-02 13:17:02,scissors
2024-10-02 13:17:04,scissors
2024-10-02 13:17:05,scissors
2024-10-02 13:17:07,scissors
2024-10-02 13:17:09,scissors
2024-10-02 13:17:11,scissors
2024-10-02 13:17:13,scissors
2024-10-02 13:17:14,scissors
2024-10-02 13:17:16,scissors
2024-10-02 13:17:18,scissors
2024-10-02 13:17:19,scissors
2024-10-02 13:17:20,scissors
2024-10-02 13:17:22,scissors
2024-10-02 13:17:23,scissors
2024-10-02 13:17:25,scissors
2024-10-02 13:17:27,scissors
2024-10-02 13:17:29,scissors
2024-10-02 13:17:30,scissors
2024-10-02 13:17:32,scissors
2024-10-02 13:17:34,scissors
2024-10-02 13:17:36,scissors
2024-10-02 13:17:38,scissors
2024-10-02 13:17:39,scissors
2024-10-02 13:17:40,scissors
2024-10-02 13:17:42,scissors
2024-10-02 13:17:43,scissors
2024-10-02 13:17:45,scissors
2024-10-02 13:17:47,scissors
2024-10-02 13:17:49,scissors
2024-10-02 13:17:51,scissors
2024-10-02 13:17:53,scissors
2024-10-02 13:17:54,scissors
2024-10-02 13:17:55,scissors
2024-10-02 13:17:57,scissors
2024-10-02 13:17:58,scissors
2024-10-02 13:18:00,scissors
2024-10-02 13:18:02,scissors
2024-10-02 13:18:04,scissors
2024-10-02 13:18:06,scissors
2024-10-02 13:18:08,scissors
2024-10-02 13:18:09,scissors
2024-10-02 13:18:11,scissors
2024-10-02 13:18:12,scissors
2024-10-02 13:18:13,scissors
2024-10-02 13:18:15,scissors
2024-10-02 13:18:17,scissors
2024-10-02 13:18:19,scissors
2024-10-02 13:18:21,scissors
2024-10-02 13:18:23,scissors
2024-10-02 13:18:24,scissors
2024-10-02 13:18:25,scissors
2024-10-02 13:18:27,scissors
2024-10-02 13:18:29,scissors
2024-10-02 13:18:31,scissors
2024-10-02 13:18:32,scissors
2024-10-02 13:18:33,scissors
2024-10-02 13:18:35,scissors
2024-10-02 13:18:37,scissors
2024-10-02 13:18:39,scissors
2024-10-02 13:18:41,scissors
2024-10-02 13:18:43,scissors
2024-10-02 13:18:44,scissors
2024-10-02 13:18:46,scissors
2024-10-02 13:18:47,scissors
2024-10-02 13:18:49,scissors
2024-10-02 13:18:50,scissors
2024-10-02 13:18:52,scissors
2024-10-02 13:18:54,scissors
2024-10-02 13:18:56,scissors
2024-10-02 13:18:57,scissors
2024-10-02 13:18:59,scissors
2024-10-02 13:19:01,scissors
2024-10-02 13:19:03,scissors
2024-10-02 13:19:04,scissors
2024-10-02 13:19:06,scissors
2024-10-02 13:19:07,scissors
2024-10-02 13:19:09,scissors
2024-10-02 13:19:10,scissors
2024-10-02 13:19:12,scissors
2024-10-02 13:19:14,scissors
2024-10-02 13:19:16,scissors
2024-10-02 13:19:18,scissors
2024-10-02 13:19:19,scissors
2024-10-02 13:19:21,scissors
2024-10-02 13:19:23,scissors
2024-10-02 13:19:24,scissors
2024-10-02 13:19:26,scissors
2024-10-02 13:19:27,scissors
2024-10-02 13:19:28,scissors
2024-10-02 13:19:30,scissors
2024-10-02 13:19:32,scissors
2024-10-02 13:19:34,scissors
2024-10-02 13:19:36,scissors
2024-10-02 13:19:38,scissors
2024-10-02 13:19:39,scissors
2024-10-02 13:19:41,scissors
2024-10-02 13:19:42,scissors
2024-10-02 13:19:44,scissors
2024-10-02 13:19:45,scissors
2024-10-02 13:19:47,scissors
2024-10-02 13:19:48,scissors
2024-10-02 13:19:51,scissors
2024-10-02 13:19:52,scissors
2024-10-02 13:19:54,scissors
2024-10-02 13:24:05,scissors
2024-10-02 13:24:06,scissors
2024-10-02 13:24:08,scissors
2024-10-02 13:24:09,scissors
2024-10-02 13:24:10,"scissors, keyboard"
2024-10-02 13:24:11,keyboard
2024-10-02 13:24:13,"scissors, keyboard"
2024-10-02 13:24:14,"scissors, keyboard"
2024-10-02 13:24:17,"laptop, scissors"
2024-10-02 13:24:19,"scissors, keyboard"
2024-10-02 13:24:21,"scissors, keyboard"
2024-10-02 13:24:22,"scissors, keyboard"
2024-10-02 13:24:23,scissors
2024-10-02 13:24:24,scissors
2024-10-02 13:24:25,scissors
2024-10-02 13:24:28,scissors
2024-10-02 13:24:29,scissors
2024-10-02 13:24:30,scissors
2024-10-02 13:24:31,scissors
2024-10-02 13:24:32,scissors
2024-10-02 13:24:33,scissors
2024-10-02 13:24:34,scissors
2024-10-02 13:24:35,scissors
2024-10-02 13:24:37,scissors
2024-10-02 13:24:38,scissors
2024-10-02 13:24:39,scissors
2024-10-02 13:24:40,scissors
2024-10-02 13:24:41,scissors
2024-10-02 13:24:42,scissors
2024-10-02 13:24:43,scissors
2024-10-02 13:24:46,scissors
2024-10-02 13:24:47,scissors
2024-10-02 13:24:48,scissors
2024-10-02 13:24:49,scissors
2024-10-02 13:24:51,scissors
2024-10-02 13:24:52,scissors
2024-10-02 13:24:53,scissors
2024-10-02 13:24:56,scissors
2024-10-02 13:24:58,"scissors, keyboard"
2024-10-02 13:25:00,scissors
2024-10-02 13:25:02,scissors
2024-10-02 13:25:03,scissors
2024-10-02 13:25:05,scissors
2024-10-02 13:25:07,scissors
2024-10-02 13:25:08,scissors
2024-10-02 13:25:09,scissors
2024-10-02 13:25:11,scissors
2024-10-02 13:25:13,scissors
2024-10-02 13:25:14,scissors
2024-10-02 13:25:15,scissors
2024-10-02 13:25:17,scissors
2024-10-02 13:25:18,scissors
2024-10-02 13:25:19,scissors
2024-10-02 13:25:21,scissors
2024-10-02 13:25:23,scissors
2024-10-02 13:25:24,scissors
2024-10-02 13:25:26,scissors
2024-10-02 13:25:28,scissors
2024-10-02 13:25:29,scissors
2024-10-02 13:25:30,scissors
2024-10-02 13:25:32,scissors
2024-10-02 13:25:33,scissors
2024-10-02 13:25:34,scissors
2024-10-02 13:25:35,scissors
2024-10-02 13:25:36,scissors
2024-10-02 13:25:37,scissors
2024-10-02 13:25:39,scissors
2024-10-02 13:25:41,scissors
2024-10-02 13:25:42,scissors
2024-10-02 13:25:44,scissors
2024-10-02 13:25:46,scissors
2024-10-02 13:25:47,scissors
2024-10-02 13:25:48,scissors
2024-10-02 13:25:50,scissors
2024-10-02 13:25:51,scissors
2024-10-02 13:25:53,scissors
2024-10-02 13:25:54,"scissors, keyboard"
2024-10-02 13:25:55,scissors
2024-10-02 13:25:58,"scissors, keyboard"
2024-10-02 13:26:01,"scissors, keyboard"
2024-10-02 13:26:03,scissors
2024-10-02 13:26:05,scissors
2024-10-02 13:26:06,scissors
2024-10-02 13:26:08,scissors
2024-10-02 13:26:09,"scissors, keyboard"
2024-10-02 13:26:10,scissors
2024-10-02 13:26:12,scissors
2024-10-02 13:26:13,"scissors, keyboard"
2024-10-02 13:26:15,scissors
2024-10-02 13:26:16,"scissors, keyboard"
2024-10-02 13:26:18,"scissors, keyboard"
2024-10-02 13:26:19,"scissors, keyboard"
2024-10-02 13:26:21,scissors
2024-10-02 13:26:22,scissors
2024-10-02 13:26:23,scissors
2024-10-02 13:26:25,scissors
2024-10-02 13:26:26,scissors
2024-10-02 13:26:27,scissors
2024-10-02 13:26:29,scissors
2024-10-02 13:26:31,scissors
2024-10-02 13:26:32,scissors
2024-10-02 13:26:34,scissors
2024-10-02 13:26:35,scissors
2024-10-02 13:26:36,scissors
2024-10-02 13:26:38,scissors
2024-10-02 13:26:39,scissors
2024-10-02 13:26:41,scissors
2024-10-02 13:26:42,scissors
2024-10-02 13:26:43,scissors
2024-10-02 13:26:45,scissors
2024-10-02 13:26:46,scissors
2024-10-02 13:26:47,scissors
2024-10-02 13:26:49,scissors
2024-10-02 13:26:50,"scissors, keyboard"
2024-10-02 13:26:51,"scissors, keyboard"
2024-10-02 13:26:53,"scissors, keyboard"
2024-10-02 13:26:54,"scissors, keyboard"
2024-10-02 13:26:55,scissors
2024-10-02 13:26:56,scissors
2024-10-02 13:26:57,scissors
2024-10-02 13:26:59,"scissors, keyboard"
2024-10-02 13:27:01,"scissors, keyboard"
2024-10-02 13:27:03,scissors
2024-10-02 13:27:05,scissors
2024-10-02 13:27:07,scissors
2024-10-02 13:27:08,scissors
2024-10-02 13:27:10,scissors
2024-10-02 13:27:12,scissors
2024-10-02 13:27:14,scissors
2024-10-02 13:27:15,scissors
2024-10-02 13:27:18,scissors
2024-10-02 13:27:19,scissors
2024-10-02 13:27:21,scissors
2024-10-02 13:27:22,scissors
2024-10-02 13:27:23,scissors
2024-10-02 13:27:25,scissors
2024-10-02 13:27:27,scissors
2024-10-02 13:27:29,scissors
2024-10-02 13:27:30,scissors
2024-10-02 13:27:31,scissors
2024-10-02 13:27:32,scissors
2024-10-02 13:27:34,scissors
2024-10-02 13:27:35,scissors
2024-10-02 13:27:37,scissors
2024-10-02 13:27:38,scissors
2024-10-02 13:27:40,scissors
2024-10-02 13:27:41,scissors
2024-10-02 13:27:42,scissors
2024-10-02 13:27:43,scissors
2024-10-02 13:27:44,scissors
2024-10-02 13:27:46,scissors
2024-10-02 13:27:48,scissors
2024-10-02 13:27:50,scissors
2024-10-02 13:27:51,scissors
2024-10-02 13:27:52,scissors
2024-10-02 13:27:54,scissors
2024-10-02 13:27:56,scissors
2024-10-02 13:27:58,scissors
2024-10-02 13:27:59,scissors
2024-10-02 13:28:00,scissors
2024-10-02 13:28:02,"scissors, keyboard"
2024-10-02 13:28:04,scissors
2024-10-02 13:28:07,scissors
2024-10-02 13:28:10,scissors
2024-10-02 13:28:12,scissors
2024-10-02 13:28:14,scissors
2024-10-02 13:28:15,scissors
2024-10-02 13:28:16,scissors
2024-10-02 13:28:19,scissors
2024-10-02 13:28:21,scissors
2024-10-02 13:28:23,scissors
2024-10-02 13:28:24,scissors
2024-10-02 13:28:25,scissors
2024-10-02 13:28:26,scissors
2024-10-02 13:28:28,scissors
2024-10-02 13:28:29,"scissors, keyboard"
2024-10-02 13:28:30,scissors
2024-10-02 13:28:32,"keyboard, scissors"
2024-10-02 13:28:34,"scissors, keyboard"
2024-10-02 13:28:36,scissors
2024-10-02 13:28:38,scissors
2024-10-02 13:28:40,scissors
2024-10-02 13:28:41,scissors
2024-10-02 13:28:42,scissors
2024-10-02 13:28:44,scissors
2024-10-02 13:28:45,scissors
2024-10-02 13:28:46,scissors
2024-10-02 13:28:47,scissors
2024-10-02 13:28:49,scissors
2024-10-02 13:28:50,scissors
2024-10-02 13:28:52,scissors
2024-10-02 13:28:53,scissors
2024-10-02 13:28:54,scissors
2024-10-02 13:28:56,scissors
2024-10-02 13:28:58,"scissors, keyboard"
2024-10-02 13:29:00,scissors
2024-10-02 13:29:02,"person, scissors"
2024-10-02 13:29:04,scissors
2024-10-02 13:29:06,scissors
2024-10-02 13:29:08,scissors
2024-10-02 13:29:10,scissors
2024-10-02 13:29:13,"scissors, keyboard"
2024-10-02 13:29:14,scissors
2024-10-02 13:29:16,"keyboard, scissors"
2024-10-02 13:29:18,scissors
2024-10-02 13:29:20,scissors
2024-10-02 13:29:22,scissors
2024-10-02 13:29:23,scissors
2024-10-02 13:29:24,scissors
2024-10-02 13:29:26,scissors
2024-10-02 13:29:27,scissors
2024-10-02 13:29:28,scissors
2024-10-02 13:29:31,scissors
2024-10-02 13:29:32,scissors
2024-10-02 13:29:34,scissors
2024-10-02 13:29:35,scissors
2024-10-02 13:29:37,scissors
2024-10-02 13:29:38,scissors
2024-10-02 13:29:40,scissors
2024-10-02 13:29:42,scissors
2024-10-02 13:29:43,scissors
2024-10-02 13:29:44,scissors
2024-10-02 13:29:45,scissors
2024-10-02 13:29:47,scissors
2024-10-02 13:29:48,scissors
2024-10-02 13:29:50,"scissors, keyboard"
2024-10-02 13:29:52,scissors
2024-10-02 13:29:54,"keyboard, scissors"
2024-10-02 13:29:55,"scissors, keyboard"
2024-10-02 13:29:56,scissors
2024-10-02 13:29:57,scissors
2024-10-02 13:29:59,"laptop, keyboard, scissors"
2024-10-02 13:30:00,"scissors, keyboard"
2024-10-02 13:30:02,"scissors, keyboard"
2024-10-02 13:30:04,"scissors, keyboard"
2024-10-02 13:30:05,"tvmonitor, scissors"
2024-10-02 13:30:07,"keyboard, scissors"
2024-10-02 13:30:09,"scissors, keyboard"
2024-10-02 13:30:11,"scissors, person"
2024-10-02 13:30:12,"scissors, keyboard"
2024-10-02 13:30:14,scissors
2024-10-02 13:30:15,scissors
2024-10-02 13:30:16,scissors
2024-10-02 13:30:17,"scissors, keyboard"
2024-10-02 13:30:19,"scissors, keyboard"
2024-10-02 13:30:20,scissors
2024-10-02 13:30:21,"scissors, laptop, keyboard"
2024-10-02 13:30:23,"laptop, keyboard, scissors"
2024-10-02 13:30:24,"scissors, keyboard"
2024-10-02 13:30:25,"scissors, keyboard"
2024-10-02 13:30:26,scissors
2024-10-02 13:30:27,"scissors, laptop, keyboard"
2024-10-02 13:30:28,"scissors, keyboard"
2024-10-02 13:30:29,scissors
2024-10-02 13:30:30,"laptop, scissors"
2024-10-02 13:30:32,"scissors, laptop, keyboard"
2024-10-02 13:30:33,scissors
2024-10-02 13:30:35,scissors
2024-10-02 13:30:38,scissors
2024-10-02 13:30:40,"scissors, keyboard"
2024-10-02 13:30:41,scissors
2024-10-02 13:30:43,scissors
2024-10-02 13:30:45,scissors
2024-10-02 13:30:46,scissors
2024-10-02 13:30:48,scissors
2024-10-02 13:30:50,scissors
2024-10-02 13:30:51,scissors
2024-10-02 13:30:53,scissors
2024-10-02 13:30:55,scissors
2024-10-02 13:30:57,scissors
2024-10-02 13:30:59,scissors
2024-10-02 13:31:01,scissors
2024-10-02 13:31:02,scissors
2024-10-02 13:31:04,scissors
2024-10-02 13:31:06,scissors
2024-10-02 13:31:07,scissors
2024-10-02 13:31:09,scissors
2024-10-02 13:31:11,scissors
2024-10-02 13:31:12,"scissors, keyboard"
2024-10-02 13:31:14,"scissors, keyboard"
2024-10-02 13:31:15,scissors
2024-10-02 13:31:17,scissors
2024-10-02 13:31:19,scissors
2024-10-02 13:31:20,scissors
2024-10-02 13:31:21,scissors
2024-10-02 13:31:22,scissors
2024-10-02 13:31:24,scissors
2024-10-02 13:31:25,scissors
2024-10-02 13:31:26,scissors
2024-10-02 13:31:29,scissors
2024-10-02 13:31:30,scissors
2024-10-02 13:31:32,scissors
2024-10-02 13:31:33,scissors
2024-10-02 13:31:35,scissors
2024-10-02 13:31:36,scissors
2024-10-02 13:31:37,"scissors, keyboard"
2024-10-02 13:31:39,scissors
2024-10-02 13:31:41,"scissors, keyboard"
2024-10-02 13:31:42,"scissors, keyboard"
2024-10-02 13:31:44,scissors
2024-10-02 13:31:45,"scissors, keyboard"
2024-10-02 13:31:46,scissors
2024-10-02 13:31:48,scissors
2024-10-02 13:31:49,scissors
2024-10-02 13:31:51,scissors
2024-10-02 13:31:52,scissors
2024-10-02 13:31:54,scissors
2024-10-02 13:31:55,scissors
2024-10-02 13:31:57,scissors
2024-10-02 13:32:00,scissors
2024-10-02 13:32:02,scissors
2024-10-02 13:32:05,scissors
2024-10-02 13:32:07,scissors
2024-10-02 13:32:09,scissors
2024-10-02 13:32:10,scissors
2024-10-02 13:32:12,scissors
2024-10-02 13:32:13,scissors
2024-10-02 13:32:15,scissors
2024-10-02 13:32:17,scissors
2024-10-02 13:32:19,scissors
2024-10-02 13:32:21,scissors
2024-10-02 13:32:23,scissors
2024-10-02 13:32:25,scissors
2024-10-02 13:32:27,scissors
2024-10-02 13:32:29,scissors
2024-10-02 13:32:30,scissors
2024-10-02 13:32:31,scissors
2024-10-02 13:32:33,scissors
2024-10-02 13:32:34,scissors
2024-10-02 13:32:35,scissors
2024-10-02 13:32:37,scissors
2024-10-02 13:32:39,scissors
2024-10-02 13:32:40,scissors
2024-10-02 13:32:42,scissors
2024-10-02 13:32:44,"keyboard, scissors"
2024-10-02 13:32:45,scissors
2024-10-02 13:32:47,scissors
2024-10-02 13:32:49,scissors
2024-10-02 13:32:50,scissors
2024-10-02 13:32:52,scissors
2024-10-02 13:32:53,scissors
2024-10-02 13:32:55,scissors
2024-10-02 13:32:57,scissors
2024-10-02 13:32:59,scissors
2024-10-02 13:33:00,scissors
2024-10-02 13:33:01,scissors
2024-10-02 13:33:03,scissors
2024-10-02 13:33:04,"scissors, keyboard"
2024-10-02 13:33:05,scissors
2024-10-02 13:33:06,scissors
2024-10-02 13:33:08,"scissors, keyboard"
2024-10-02 13:33:10,scissors
2024-10-02 13:33:11,scissors
2024-10-02 13:33:12,"scissors, keyboard"
2024-10-02 13:33:14,"scissors, keyboard"
2024-10-02 13:33:15,"scissors, keyboard"
2024-10-02 13:33:16,"scissors, keyboard"
2024-10-02 13:33:18,"scissors, keyboard"
2024-10-02 13:33:19,"scissors, keyboard"
2024-10-02 13:33:22,scissors
2024-10-02 13:33:23,"scissors, keyboard"
2024-10-02 13:33:25,"scissors, keyboard"
2024-10-02 13:33:27,scissors
2024-10-02 13:33:29,scissors
2024-10-02 13:33:30,scissors
2024-10-02 13:33:32,scissors
2024-10-02 13:33:33,"person, scissors"
2024-10-02 13:33:34,scissors
2024-10-02 13:33:36,scissors
2024-10-02 13:33:37,scissors
2024-10-02 13:33:38,scissors
2024-10-02 13:33:40,scissors
2024-10-02 13:33:41,"scissors, keyboard"
2024-10-02 13:33:43,scissors
2024-10-02 13:33:46,scissors
2024-10-02 13:33:49,scissors
2024-10-02 13:33:51,"scissors, keyboard"
2024-10-02 13:33:53,scissors
2024-10-02 13:33:55,scissors
2024-10-02 13:33:57,scissors
2024-10-02 13:33:59,scissors
2024-10-02 13:34:00,"person, scissors"
2024-10-02 13:34:01,scissors
2024-10-02 13:34:03,scissors
2024-10-02 13:34:04,scissors
2024-10-02 13:34:05,scissors
2024-10-02 13:34:06,scissors
2024-10-02 13:34:07,scissors
2024-10-02 13:34:08,scissors
2024-10-02 13:34:10,scissors
2024-10-02 13:34:12,"scissors, keyboard"
2024-10-02 13:34:14,"scissors, keyboard"
2024-10-02 13:34:15,"scissors, keyboard"
2024-10-02 13:34:17,"scissors, keyboard"
2024-10-02 13:34:19,"scissors, keyboard"
2024-10-02 13:34:21,"scissors, keyboard"
2024-10-02 13:34:23,"scissors, keyboard"
2024-10-02 13:34:24,"scissors, keyboard"
2024-10-02 13:34:25,"scissors, keyboard"
2024-10-02 13:34:27,"scissors, keyboard"
2024-10-02 13:34:28,"scissors, keyboard"
2024-10-02 13:34:30,"scissors, keyboard"
2024-10-02 13:34:31,"scissors, keyboard"
2024-10-02 13:34:33,"scissors, keyboard"
2024-10-02 13:34:34,"scissors, keyboard"
2024-10-02 13:34:35,"scissors, keyboard"
2024-10-02 13:34:37,"scissors, keyboard"
2024-10-02 13:34:38,"scissors, keyboard"
2024-10-02 13:34:39,"scissors, keyboard"
2024-10-02 13:34:41,"scissors, keyboard"
2024-10-02 13:34:42,"scissors, keyboard"
2024-10-02 13:34:44,"scissors, keyboard"
2024-10-02 13:34:45,"scissors, keyboard"
2024-10-02 13:34:47,"scissors, keyboard"
2024-10-02 13:34:48,"scissors, keyboard"
2024-10-02 13:34:49,"scissors, keyboard"
2024-10-02 13:34:51,"scissors, keyboard"
2024-10-02 13:34:52,"scissors, keyboard"
2024-10-02 13:34:54,"scissors, keyboard"
2024-10-02 13:34:57,"scissors, keyboard"
2024-10-02 13:35:00,"scissors, keyboard"
2024-10-02 13:35:02,"scissors, keyboard"
2024-10-02 13:35:04,"scissors, keyboard"
2024-10-02 13:35:06,"scissors, keyboard"
2024-10-02 13:35:08,"scissors, laptop, keyboard"
2024-10-02 13:35:10,"scissors, laptop, keyboard"
2024-10-02 13:35:13,"scissors, keyboard"
2024-10-02 13:35:15,"scissors, keyboard"
2024-10-02 13:35:17,"scissors, keyboard"
2024-10-02 13:35:18,"scissors, keyboard"
2024-10-02 13:35:20,"scissors, keyboard"
2024-10-02 13:35:21,"scissors, laptop, keyboard"
2024-10-02 13:35:23,"scissors, keyboard"
2024-10-02 13:35:24,"scissors, keyboard"
2024-10-02 13:35:25,"scissors, keyboard"
2024-10-02 13:35:27,"scissors, keyboard"
2024-10-02 13:35:29,"scissors, keyboard"
2024-10-02 13:35:32,"scissors, keyboard"
2024-10-02 13:35:36,"scissors, keyboard"
2024-10-02 13:35:38,"scissors, keyboard"
2024-10-02 13:35:41,"scissors, keyboard"
2024-10-02 13:35:44,"scissors, keyboard"
2024-10-02 13:35:45,"scissors, keyboard"
2024-10-02 13:35:47,"scissors, keyboard"
2024-10-02 13:35:49,"scissors, keyboard"
2024-10-02 13:35:51,"scissors, keyboard"
2024-10-02 13:35:54,"scissors, keyboard"
2024-10-02 13:35:56,"scissors, keyboard"
2024-10-02 13:35:58,"scissors, keyboard"
2024-10-02 13:35:59,"scissors, laptop, keyboard"
2024-10-02 13:36:01,"scissors, keyboard"
2024-10-02 13:36:02,"scissors, keyboard"
2024-10-02 13:36:04,"scissors, keyboard"
2024-10-02 13:36:05,"scissors, keyboard"
2024-10-02 13:36:07,"scissors, keyboard"
2024-10-02 13:36:08,"scissors, keyboard"
2024-10-02 13:36:09,keyboard
2024-10-02 13:36:10,"scissors, keyboard"
2024-10-02 13:36:11,"scissors, keyboard"
2024-10-02 13:36:13,"scissors, keyboard"
2024-10-02 13:36:14,"scissors, keyboard"
2024-10-02 13:36:15,"scissors, keyboard"
2024-10-02 13:36:16,"scissors, keyboard"
2024-10-02 13:36:18,"scissors, keyboard"
2024-10-02 13:36:19,"scissors, keyboard"
2024-10-02 13:36:21,"scissors, keyboard"
2024-10-02 13:36:22,"scissors, keyboard"
2024-10-02 13:36:23,"scissors, keyboard"
2024-10-02 13:36:24,"scissors, keyboard"
2024-10-02 13:36:25,"scissors, keyboard"
2024-10-02 13:36:26,"scissors, keyboard"
2024-10-02 13:36:27,"scissors, keyboard"
2024-10-02 13:36:29,"scissors, keyboard"
2024-10-02 13:36:30,"scissors, keyboard"
2024-10-02 13:36:33,"scissors, keyboard"
2024-10-02 13:36:35,"scissors, keyboard"
2024-10-02 13:36:36,"scissors, keyboard"
2024-10-02 13:36:37,"scissors, keyboard"
2024-10-02 13:36:38,"scissors, keyboard"
2024-10-02 13:36:40,"scissors, keyboard"
2024-10-02 13:36:41,"scissors, keyboard"
2024-10-02 13:36:42,"scissors, keyboard"
2024-10-02 13:36:43,"scissors, keyboard"
2024-10-02 13:36:44,"scissors, keyboard"
2024-10-02 13:36:46,"scissors, keyboard"
2024-10-02 13:36:47,keyboard
2024-10-02 13:36:49,"scissors, keyboard"
2024-10-02 13:36:50,"scissors, keyboard"
2024-10-02 13:36:52,"scissors, keyboard"
2024-10-02 13:36:54,"scissors, keyboard"
2024-10-02 13:36:55,"scissors, keyboard"
2024-10-02 13:36:56,"scissors, keyboard"
2024-10-02 13:36:57,"scissors, keyboard"
2024-10-02 13:36:59,"scissors, keyboard"
2024-10-02 13:37:01,"scissors, keyboard"
2024-10-02 13:37:02,"scissors, keyboard"
2024-10-02 13:37:04,"scissors, keyboard"
2024-10-02 13:37:05,"scissors, keyboard"
2024-10-02 13:37:06,"scissors, keyboard"
2024-10-02 13:37:07,"scissors, keyboard"
2024-10-02 13:37:09,"scissors, keyboard"
2024-10-02 13:37:10,"scissors, keyboard"
2024-10-02 13:37:12,"scissors, keyboard"
2024-10-02 13:37:13,"scissors, keyboard"
2024-10-02 13:37:15,"scissors, keyboard"
2024-10-02 13:37:16,"scissors, keyboard"
2024-10-02 13:37:17,"scissors, keyboard"
2024-10-02 13:37:18,"scissors, keyboard"
2024-10-02 13:37:19,"scissors, keyboard"
2024-10-02 13:37:20,"scissors, keyboard"
2024-10-02 13:37:22,"scissors, keyboard"
2024-10-02 13:37:23,"scissors, keyboard"
2024-10-02 13:37:25,"scissors, keyboard"
2024-10-02 13:37:28,"scissors, keyboard"
2024-10-02 13:37:29,"scissors, keyboard"
2024-10-02 13:37:31,"scissors, keyboard"
2024-10-02 13:37:32,"scissors, keyboard"
2024-10-02 13:37:33,"scissors, keyboard"
2024-10-02 13:37:34,"scissors, keyboard"
2024-10-02 13:37:35,"scissors, keyboard"
2024-10-02 13:37:37,"scissors, keyboard"
2024-10-02 13:37:38,"scissors, keyboard"
2024-10-02 13:37:39,"scissors, keyboard"
2024-10-02 13:37:42,"scissors, keyboard"
2024-10-02 13:37:44,"scissors, keyboard"
2024-10-02 13:37:46,"scissors, keyboard"
2024-10-02 13:37:48,"scissors, keyboard"
2024-10-02 13:37:50,"scissors, keyboard"
2024-10-02 13:37:52,"scissors, keyboard"
2024-10-02 13:37:53,"scissors, keyboard"
2024-10-02 13:37:55,"scissors, keyboard"
2024-10-02 13:37:56,"scissors, keyboard"
2024-10-02 13:37:58,"scissors, keyboard"
2024-10-02 13:37:59,"scissors, keyboard"
2024-10-02 13:38:00,"scissors, keyboard"
2024-10-02 13:38:01,"scissors, keyboard"
2024-10-02 13:38:02,"scissors, keyboard"
2024-10-02 13:38:04,"scissors, keyboard"
2024-10-02 13:38:05,"scissors, keyboard"
2024-10-02 13:38:06,"scissors, keyboard"
2024-10-02 13:38:08,"scissors, keyboard"
2024-10-02 13:38:09,"scissors, keyboard"
2024-10-02 13:38:11,"scissors, keyboard"
2024-10-02 13:38:12,"scissors, keyboard"
2024-10-02 13:38:14,"scissors, keyboard"
2024-10-02 13:38:15,keyboard
2024-10-02 13:38:17,"scissors, keyboard"
2024-10-02 13:38:19,"scissors, keyboard"
2024-10-02 13:38:20,"scissors, keyboard"
2024-10-02 13:38:21,"scissors, keyboard"
2024-10-02 13:38:23,"scissors, keyboard"
2024-10-02 13:38:25,keyboard
2024-10-02 13:38:27,"scissors, keyboard"
2024-10-02 13:38:28,"scissors, keyboard"
2024-10-02 13:38:30,"scissors, keyboard"
2024-10-02 13:38:31,"scissors, laptop, keyboard"
2024-10-02 13:38:33,"scissors, laptop, keyboard"
2024-10-02 13:38:35,"scissors, keyboard"
2024-10-02 13:38:36,"scissors, keyboard"
2024-10-02 13:38:38,"scissors, keyboard"
2024-10-02 13:38:39,"scissors, keyboard"
2024-10-02 13:38:41,"scissors, keyboard"
2024-10-02 13:38:42,"scissors, keyboard"
2024-10-02 13:38:44,"scissors, keyboard"
2024-10-02 13:38:46,"scissors, keyboard"
2024-10-02 13:38:48,"scissors, keyboard"
2024-10-02 13:38:50,"scissors, keyboard"
2024-10-02 13:38:52,"scissors, keyboard"
2024-10-02 13:38:54,"scissors, keyboard"
2024-10-02 13:38:55,"scissors, keyboard"
2024-10-02 13:38:56,"scissors, keyboard"
2024-10-02 13:38:57,scissors
2024-10-02 13:38:58,scissors
2024-10-02 13:39:00,scissors
2024-10-02 13:39:01,scissors
2024-10-02 13:39:02,scissors
2024-10-02 13:39:03,"scissors, keyboard"
2024-10-02 13:39:04,"scissors, keyboard"
2024-10-02 13:39:06,scissors
2024-10-02 13:39:07,scissors
2024-10-02 13:39:08,scissors
2024-10-02 13:39:10,scissors
2024-10-02 13:39:11,scissors
2024-10-02 13:39:13,scissors
2024-10-02 13:39:14,scissors
2024-10-02 13:39:15,"scissors, keyboard"
2024-10-02 13:39:17,scissors
2024-10-02 13:39:18,scissors
2024-10-02 13:39:19,scissors
2024-10-02 13:39:20,scissors
2024-10-02 13:39:21,scissors
2024-10-02 13:39:22,scissors
2024-10-02 13:39:23,scissors
2024-10-02 13:39:24,scissors
2024-10-02 13:39:26,scissors
2024-10-02 13:39:27,"scissors, keyboard"
2024-10-02 13:39:28,scissors
2024-10-02 13:39:29,scissors
2024-10-02 13:39:30,scissors
2024-10-02 13:39:31,scissors
2024-10-02 13:39:33,scissors
2024-10-02 13:39:34,scissors
2024-10-02 13:39:35,scissors
2024-10-02 13:39:36,scissors
2024-10-02 13:39:37,scissors
2024-10-02 13:39:38,scissors
2024-10-02 13:39:40,scissors
2024-10-02 13:39:41,scissors
2024-10-02 13:39:42,scissors
2024-10-02 13:39:43,scissors
2024-10-02 13:39:45,scissors
2024-10-02 13:39:46,scissors
2024-10-02 13:39:47,scissors
2024-10-02 13:39:48,scissors
2024-10-02 13:39:49,scissors
2024-10-02 13:39:50,scissors
2024-10-02 13:39:51,scissors
2024-10-02 13:39:52,scissors
2024-10-02 13:39:53,scissors
2024-10-02 13:39:55,scissors
2024-10-02 13:39:56,scissors
2024-10-02 13:39:57,scissors
2024-10-02 13:39:59,scissors
2024-10-02 13:40:00,scissors
2024-10-02 13:40:01,scissors
2024-10-02 13:40:02,scissors
2024-10-02 13:40:03,scissors
2024-10-02 13:40:05,scissors
2024-10-02 13:40:06,scissors
2024-10-02 13:40:07,scissors
2024-10-02 13:40:08,scissors
2024-10-02 13:40:10,scissors
2024-10-02 13:40:11,scissors
2024-10-02 13:40:12,scissors
2024-10-02 13:40:13,scissors
2024-10-02 13:40:14,scissors
2024-10-02 13:40:15,scissors
2024-10-02 13:40:16,scissors
2024-10-02 13:40:18,scissors
2024-10-02 13:40:19,scissors
2024-10-02 13:40:20,scissors
2024-10-02 13:40:21,scissors
2024-10-02 13:40:23,scissors
2024-10-02 13:40:24,scissors
2024-10-02 13:40:25,scissors
2024-10-02 13:40:26,scissors
2024-10-02 13:40:27,scissors
2024-10-02 13:40:28,scissors
2024-10-02 13:40:29,scissors
2024-10-02 13:40:30,scissors
2024-10-02 13:40:31,scissors
2024-10-02 13:40:32,scissors
2024-10-02 13:40:33,scissors
2024-10-02 13:40:34,scissors
2024-10-02 13:40:36,scissors
2024-10-02 13:40:37,scissors
2024-10-02 13:40:38,scissors
2024-10-02 13:40:39,scissors
2024-10-02 13:40:40,scissors
2024-10-02 13:40:41,scissors
2024-10-02 13:40:43,scissors
2024-10-02 13:40:44,scissors
2024-10-02 13:40:45,scissors
2024-10-02 13:40:46,scissors
2024-10-02 13:40:47,scissors
2024-10-02 13:40:49,scissors
2024-10-02 13:40:50,scissors
2024-10-02 13:40:51,scissors
2024-10-02 13:40:52,scissors
2024-10-02 13:40:53,scissors
2024-10-02 13:40:54,scissors
2024-10-02 13:40:56,scissors
2024-10-02 13:40:57,scissors
2024-10-02 13:40:58,scissors
2024-10-02 13:40:59,scissors
2024-10-02 13:41:00,scissors
2024-10-02 13:41:01,scissors
2024-10-02 13:41:02,scissors
2024-10-02 13:41:03,scissors
2024-10-02 13:41:04,scissors
2024-10-02 13:41:05,scissors
2024-10-02 13:41:06,scissors
2024-10-02 13:41:07,scissors
2024-10-02 13:41:09,scissors
2024-10-02 13:41:10,scissors
2024-10-02 13:41:11,scissors
2024-10-02 13:41:12,scissors
2024-10-02 13:41:13,scissors
2024-10-02 13:41:14,scissors
2024-10-02 13:41:16,scissors
2024-10-02 13:41:17,scissors
2024-10-02 13:41:18,scissors
2024-10-02 13:41:19,scissors
2024-10-02 13:41:20,scissors
2024-10-02 13:41:22,scissors
2024-10-02 13:41:23,scissors
2024-10-02 13:41:24,scissors
2024-10-02 13:41:25,scissors
2024-10-02 13:41:26,scissors
2024-10-02 13:41:27,scissors
2024-10-02 13:41:29,scissors
2024-10-02 13:41:30,scissors
2024-10-02 13:41:31,scissors
2024-10-02 13:41:32,scissors
2024-10-02 13:41:33,scissors
2024-10-02 13:41:34,scissors
2024-10-02 13:41:35,scissors
2024-10-02 13:41:36,scissors
2024-10-02 13:41:37,scissors
2024-10-02 13:41:38,scissors
2024-10-02 13:41:39,scissors
2024-10-02 13:41:40,scissors
2024-10-02 13:41:42,scissors
2024-10-02 13:41:43,scissors
2024-10-02 13:41:44,scissors
2024-10-02 13:41:45,scissors
2024-10-02 13:41:46,scissors
2024-10-02 13:41:47,scissors
2024-10-02 13:41:49,scissors
2024-10-02 13:41:50,scissors
2024-10-02 13:41:51,scissors
2024-10-02 13:41:52,scissors
2024-10-02 13:41:53,scissors
2024-10-02 13:41:55,scissors
2024-10-02 13:41:56,scissors
2024-10-02 13:41:57,scissors
2024-10-02 13:41:58,scissors
2024-10-02 13:41:59,scissors
2024-10-02 13:42:01,scissors
2024-10-02 13:42:02,scissors
2024-10-02 13:42:03,scissors
2024-10-02 13:42:04,scissors
2024-10-02 13:42:05,scissors
2024-10-02 13:42:06,scissors
2024-10-02 13:42:07,scissors
2024-10-02 13:42:08,scissors
2024-10-02 13:42:09,scissors
2024-10-02 13:42:11,scissors
2024-10-02 13:42:12,scissors
2024-10-02 13:42:13,scissors
2024-10-02 13:42:14,scissors
2024-10-02 13:42:15,scissors
2024-10-02 13:42:16,scissors
2024-10-02 13:42:18,scissors
2024-10-02 13:42:19,scissors
2024-10-02 13:42:20,scissors
2024-10-02 13:42:21,scissors
2024-10-02 13:42:22,scissors
2024-10-02 13:42:24,scissors
2024-10-02 13:42:25,scissors
2024-10-02 13:42:26,scissors
2024-10-02 13:42:27,scissors
2024-10-02 13:42:28,"scissors, keyboard"
2024-10-02 13:42:30,scissors
2024-10-02 13:42:31,scissors
2024-10-02 13:42:32,scissors
2024-10-02 13:42:33,scissors
2024-10-02 13:42:34,scissors
2024-10-02 13:42:35,scissors
2024-10-02 13:42:36,scissors
2024-10-02 13:42:37,scissors
2024-10-02 13:42:38,scissors
2024-10-02 13:42:40,scissors
2024-10-02 13:42:41,scissors
2024-10-02 13:42:43,scissors
2024-10-02 13:42:44,"scissors, keyboard"
2024-10-02 13:42:45,scissors
2024-10-02 13:42:46,scissors
2024-10-02 13:42:47,scissors
2024-10-02 13:42:48,scissors
2024-10-02 13:42:50,scissors
2024-10-02 13:42:51,scissors
2024-10-02 13:42:52,"scissors, keyboard"
2024-10-02 13:42:53,scissors
2024-10-02 13:42:54,scissors
2024-10-02 13:42:55,scissors
2024-10-02 13:42:57,scissors
2024-10-02 13:42:58,scissors
2024-10-02 13:42:59,scissors
2024-10-02 13:43:00,scissors
2024-10-02 13:43:01,scissors
2024-10-02 13:43:02,scissors
2024-10-02 13:43:04,"scissors, keyboard"
2024-10-02 13:43:05,scissors
2024-10-02 13:43:06,scissors
2024-10-02 13:43:07,scissors
2024-10-02 13:43:08,scissors
2024-10-02 13:43:09,scissors
2024-10-02 13:43:11,scissors
2024-10-02 13:43:13,scissors
2024-10-02 13:43:14,scissors
2024-10-02 13:43:15,scissors
2024-10-02 13:43:16,scissors
2024-10-02 13:43:17,scissors
2024-10-02 13:43:18,"scissors, keyboard"
2024-10-02 13:43:19,scissors
2024-10-02 13:43:21,scissors
2024-10-02 13:43:22,scissors
2024-10-02 13:43:23,"scissors, keyboard"
2024-10-02 13:43:25,scissors
2024-10-02 13:43:26,scissors
2024-10-02 13:43:27,"scissors, keyboard"
2024-10-02 13:43:28,"scissors, keyboard"
2024-10-02 13:43:29,scissors
2024-10-02 13:43:31,scissors
2024-10-02 13:43:32,scissors
2024-10-02 13:43:33,"scissors, keyboard"
2024-10-02 13:43:34,scissors
2024-10-02 13:43:35,scissors
2024-10-02 13:43:37,scissors
2024-10-02 13:43:38,scissors
2024-10-02 13:43:39,scissors
2024-10-02 13:43:40,scissors
2024-10-02 13:43:41,scissors
2024-10-02 13:43:42,scissors
2024-10-02 13:43:43,scissors
2024-10-02 13:43:44,scissors
2024-10-02 13:43:45,scissors
2024-10-02 13:43:46,scissors
2024-10-02 13:43:47,scissors
2024-10-02 13:43:49,scissors
2024-10-02 13:43:50,scissors
2024-10-02 13:43:51,"scissors, keyboard"
2024-10-02 13:43:52,scissors
2024-10-02 13:43:53,scissors
2024-10-02 13:43:54,scissors
2024-10-02 13:43:55,"scissors, keyboard"
2024-10-02 13:43:57,"scissors, keyboard"
2024-10-02 13:43:58,scissors
2024-10-02 13:43:59,scissors
2024-10-02 13:44:00,scissors
2024-10-02 13:44:01,scissors
2024-10-02 13:44:02,scissors
2024-10-02 13:44:04,scissors
2024-10-02 13:44:05,scissors
2024-10-02 13:44:06,scissors
2024-10-02 13:44:07,"scissors, keyboard"
2024-10-02 13:44:08,scissors
2024-10-02 13:44:10,scissors
2024-10-02 13:44:11,scissors
2024-10-02 13:44:13,scissors
2024-10-02 13:44:14,scissors
2024-10-02 13:44:15,"scissors, keyboard"
2024-10-02 13:44:16,scissors
2024-10-02 13:44:17,scissors
2024-10-02 13:44:18,scissors
2024-10-02 13:44:19,scissors
2024-10-02 13:44:20,scissors
2024-10-02 13:44:22,"laptop, scissors"
2024-10-02 13:44:23,scissors
2024-10-02 13:44:24,scissors
2024-10-02 13:44:25,scissors
2024-10-02 13:44:26,scissors
2024-10-02 13:44:27,scissors
2024-10-02 13:44:29,scissors
2024-10-02 13:44:30,scissors
2024-10-02 13:44:31,scissors
2024-10-02 13:44:32,scissors
2024-10-02 13:44:34,scissors
2024-10-02 13:44:35,scissors
2024-10-02 13:44:36,scissors
2024-10-02 13:44:37,scissors
2024-10-02 13:44:38,scissors
2024-10-02 13:44:40,scissors
2024-10-02 13:44:41,scissors
2024-10-02 13:44:42,scissors
2024-10-02 13:44:43,scissors
2024-10-02 13:44:44,scissors
2024-10-02 13:44:45,scissors
2024-10-02 13:44:46,scissors
2024-10-02 13:44:47,scissors
2024-10-02 13:44:49,scissors
2024-10-02 13:44:50,scissors
2024-10-02 13:44:51,scissors
2024-10-02 13:44:52,scissors
2024-10-02 13:44:53,scissors
2024-10-02 13:44:54,scissors
2024-10-02 13:44:55,scissors
2024-10-02 13:44:57,scissors
2024-10-02 13:44:59,scissors
2024-10-02 13:45:00,scissors
2024-10-02 13:45:01,scissors
2024-10-02 13:45:02,scissors
2024-10-02 13:45:04,scissors
2024-10-02 13:45:05,scissors
2024-10-02 13:45:06,scissors
2024-10-02 13:45:07,scissors
2024-10-02 13:45:08,scissors
2024-10-02 13:45:10,scissors
2024-10-02 13:45:11,scissors
2024-10-02 13:45:12,scissors
2024-10-02 13:45:13,scissors
2024-10-02 13:45:14,scissors
2024-10-02 13:45:15,scissors
2024-10-02 13:45:16,scissors
2024-10-02 13:45:17,scissors
2024-10-02 13:45:19,scissors
2024-10-02 13:45:21,scissors
2024-10-02 13:45:22,scissors
2024-10-02 13:45:23,scissors
2024-10-02 13:45:24,scissors
2024-10-02 13:45:25,scissors
2024-10-02 13:45:26,scissors
2024-10-02 13:45:27,scissors
2024-10-02 13:45:28,scissors
2024-10-02 13:45:29,scissors
2024-10-02 13:45:30,scissors
2024-10-02 13:45:31,scissors
2024-10-02 13:45:32,scissors
2024-10-02 13:45:34,scissors
2024-10-02 13:45:35,scissors
2024-10-02 13:45:36,scissors
2024-10-02 13:45:37,scissors
2024-10-02 13:45:38,scissors
2024-10-02 13:45:39,scissors
2024-10-02 13:45:40,scissors
2024-10-02 13:45:42,scissors
2024-10-02 13:45:43,scissors
2024-10-02 13:45:45,scissors
2024-10-02 13:45:46,scissors
2024-10-02 13:45:47,scissors
2024-10-02 13:45:49,scissors
2024-10-02 13:45:50,scissors
2024-10-02 13:45:51,scissors
2024-10-02 13:45:52,scissors
2024-10-02 13:45:54,scissors
2024-10-02 13:45:55,scissors
2024-10-02 13:45:56,scissors
2024-10-02 13:45:57,scissors
2024-10-02 13:45:58,scissors
2024-10-02 13:45:59,scissors
2024-10-02 13:46:00,scissors
2024-10-02 13:46:01,scissors
2024-10-02 13:46:03,scissors
2024-10-02 13:46:05,scissors
2024-10-02 13:46:06,scissors
2024-10-02 13:46:07,scissors
2024-10-02 13:46:08,scissors
2024-10-02 13:46:09,scissors
2024-10-02 13:46:11,scissors
2024-10-02 13:46:12,scissors
2024-10-02 13:46:13,scissors
2024-10-02 13:46:14,scissors
2024-10-02 13:46:15,scissors
2024-10-02 13:46:16,scissors
2024-10-02 13:46:17,scissors
2024-10-02 13:46:19,scissors
2024-10-02 13:46:20,scissors
2024-10-02 13:46:21,scissors
2024-10-02 13:46:22,scissors
2024-10-02 13:46:23,scissors
2024-10-02 13:46:25,scissors
2024-10-02 13:46:27,scissors
2024-10-02 13:46:29,scissors
2024-10-02 13:46:30,scissors
2024-10-02 13:46:31,scissors
2024-10-02 13:46:32,scissors
2024-10-02 13:46:33,scissors
2024-10-02 13:46:34,scissors
2024-10-02 13:46:35,scissors
2024-10-02 13:46:36,scissors
2024-10-02 13:46:38,scissors
2024-10-02 13:46:39,scissors
2024-10-02 13:46:40,scissors
2024-10-02 13:46:42,scissors
2024-10-02 13:46:44,scissors
2024-10-02 13:46:46,scissors
2024-10-02 13:46:47,scissors
2024-10-02 13:46:48,scissors
2024-10-02 13:46:50,scissors
2024-10-02 13:46:52,"scissors, keyboard"
2024-10-02 13:46:53,"scissors, keyboard"
2024-10-02 13:46:54,scissors
2024-10-02 13:46:56,"scissors, keyboard"
2024-10-02 13:46:58,"scissors, keyboard"
2024-10-02 13:46:59,"scissors, keyboard"
2024-10-02 13:47:00,"scissors, keyboard"
2024-10-02 13:47:01,"scissors, keyboard"
2024-10-02 13:47:03,"scissors, keyboard"
2024-10-02 13:47:05,scissors
2024-10-02 13:47:06,scissors
2024-10-02 13:47:07,scissors
2024-10-02 13:47:09,scissors
2024-10-02 13:47:10,scissors
2024-10-02 13:47:12,scissors
2024-10-02 13:47:14,scissors
2024-10-02 13:47:15,scissors
2024-10-02 13:47:16,scissors
2024-10-02 13:47:18,scissors
2024-10-02 13:47:19,"scissors, keyboard"
2024-10-02 13:47:21,scissors
2024-10-02 13:47:23,scissors
2024-10-02 13:47:25,scissors
2024-10-02 13:47:27,scissors
2024-10-02 13:47:29,scissors
2024-10-02 13:47:41,"scissors, keyboard"
2024-10-02 13:47:52,"scissors, keyboard"
2024-10-02 13:47:58,"scissors, keyboard"
2024-10-02 13:48:01,"scissors, keyboard"
2024-10-02 13:48:04,"scissors, keyboard"
2024-10-02 13:48:06,"scissors, keyboard"
2024-10-02 13:48:08,"scissors, keyboard"
2024-10-02 13:48:10,"scissors, keyboard"
2024-10-02 13:48:13,"scissors, keyboard"
2024-10-02 13:48:15,"scissors, keyboard"
2024-10-02 13:48:16,"scissors, keyboard"
2024-10-02 13:48:18,"scissors, keyboard"
2024-10-02 13:48:20,"scissors, keyboard"
2024-10-02 13:48:21,"scissors, keyboard"
2024-10-02 13:48:23,"scissors, keyboard"
2024-10-02 13:48:26,"scissors, keyboard"
2024-10-02 13:48:27,"scissors, keyboard"
2024-10-02 13:48:29,"scissors, keyboard"
2024-10-02 13:48:30,"scissors, keyboard"
2024-10-02 13:48:31,"scissors, keyboard"
2024-10-02 13:48:32,"scissors, keyboard"
2024-10-02 13:48:34,"scissors, keyboard"
2024-10-02 13:48:36,"scissors, keyboard"
2024-10-02 13:48:37,"scissors, keyboard"
2024-10-02 13:48:40,scissors
2024-10-02 13:48:42,"scissors, keyboard"
2024-10-02 13:48:44,"scissors, keyboard"
2024-10-02 13:48:46,"scissors, keyboard"
2024-10-02 13:48:49,"scissors, keyboard"
2024-10-02 13:48:50,"scissors, keyboard"
2024-10-02 13:48:52,"scissors, keyboard"
2024-10-02 13:48:55,"scissors, keyboard"
2024-10-02 13:48:57,"scissors, keyboard"
2024-10-02 13:48:59,"scissors, keyboard"
2024-10-02 13:49:01,"scissors, keyboard"
2024-10-02 13:49:04,"scissors, keyboard"
2024-10-02 13:49:05,"scissors, keyboard"
2024-10-02 13:49:07,"scissors, keyboard"
2024-10-02 13:49:09,"scissors, keyboard"
2024-10-02 13:49:11,"scissors, keyboard"
2024-10-02 13:49:13,"scissors, keyboard"
2024-10-02 13:49:15,"scissors, keyboard"
2024-10-02 13:49:17,"scissors, keyboard"
2024-10-02 13:49:19,"scissors, keyboard"
2024-10-02 13:49:21,"scissors, keyboard"
2024-10-02 13:49:23,"scissors, keyboard"
2024-10-02 13:49:24,"scissors, keyboard"
2024-10-02 13:49:25,"scissors, keyboard"
2024-10-02 13:49:27,"scissors, keyboard"
2024-10-02 13:49:29,"scissors, keyboard"
2024-10-02 13:49:30,"scissors, keyboard"
2024-10-02 13:49:32,"scissors, keyboard"
2024-10-02 13:49:34,"scissors, keyboard"
2024-10-02 13:49:36,"scissors, keyboard"
2024-10-02 13:49:39,"scissors, keyboard"
2024-10-02 13:49:42,"scissors, keyboard"
2024-10-02 13:49:44,"scissors, keyboard"
2024-10-02 13:49:45,"scissors, keyboard"
2024-10-02 13:49:47,"laptop, scissors"
2024-10-02 13:49:50,"scissors, keyboard"
2024-10-02 13:49:52,"scissors, keyboard"
2024-10-02 13:49:54,"scissors, keyboard"
2024-10-02 13:49:57,"scissors, keyboard"
2024-10-02 13:50:00,"scissors, keyboard"
2024-10-02 13:50:03,"scissors, keyboard"
2024-10-02 13:50:06,"scissors, keyboard"
2024-10-05 00:57:32,knife
2024-10-05 00:57:44,book
2024-10-05 00:57:48,cup
2024-10-05 00:57:49,cup
2024-10-05 00:57:52,cup
2024-10-05 00:57:55,cup
2024-10-05 00:57:56,cup
2024-10-05 00:57:58,cup
2024-10-05 00:58:00,cup
2024-10-05 00:58:03,cup
2024-10-05 00:58:05,keyboard
2024-10-05 00:58:06,keyboard
2024-10-05 00:58:08,keyboard
2024-10-05 00:58:10,laptop
2024-10-05 00:58:11,laptop
2024-10-05 00:58:12,"laptop, keyboard"
2024-10-05 00:58:14,"laptop, keyboard"
2024-10-05 00:58:16,"laptop, keyboard"
2024-10-05 00:58:22,keyboard
2024-10-05 00:58:38,book
2024-10-05 00:58:43,book
2024-10-05 00:58:45,book
2024-10-05 00:58:47,book
2024-10-05 00:58:49,book
2024-10-05 00:58:50,"tvmonitor, book, keyboard"
2024-10-05 00:58:52,book
2024-10-05 00:58:53,"keyboard, laptop"
2024-10-05 00:58:55,"tvmonitor, book"
2024-10-05 00:58:57,"tvmonitor, laptop"
2024-10-05 00:58:58,"laptop, microwave"
2024-10-05 00:59:01,microwave
2024-10-05 00:59:03,tvmonitor
2024-10-05 00:59:05,microwave
2024-10-05 00:59:06,microwave
2024-10-05 00:59:08,microwave
2024-10-05 00:59:10,microwave
2024-10-05 00:59:11,microwave
2024-10-05 00:59:13,microwave
2024-10-05 00:59:15,microwave
2024-10-05 00:59:16,cup
2024-10-05 00:59:18,person
2024-10-05 00:59:20,bottle
2024-10-05 00:59:21,bottle
2024-10-05 00:59:23,bottle
2024-10-05 00:59:32,bottle
2024-10-05 00:59:33,bottle
2024-10-05 00:59:35,bottle
2024-10-05 00:59:37,"tvmonitor, bottle"
2024-10-05 00:59:39,"tvmonitor, bottle"
2024-10-05 00:59:41,tvmonitor
